detid_Y,N11111J,N11131C,N11131D,N12111R,N12112P,N12112V,N12131A,N12131B,N12131C,N12132D,N12141E,N12141W,N12151X,N12151Y,N13182E,N17111B,N17111C,N17122K,N17131U,N17131X,N17131Y,N17131Z,N17141A,N17151S,N19111N,N19121G,N19121J,N19131B,N19131D,N19161C,N19162A,N32121J,N33113P,N33121C,N33121D,N33121F,N33121G,N33121J,N33121X,N33122S,N33131Y,N33132Z,N33141W,N33142E,N33151L,N37121M,N37131A,N38111F,N38111G,N38111H,N38121J,N38121K,N38121L,N41114J,N41121X,N41122Y,N42112G,N51111B,N51121J,N51131Q,N51131R,N52121I,N52121M,N52121O,N52121P,N53161K
N11111J,0.00,109.66,87.23,659.78,925.02,363.04,954.20,978.13,620.87,919.55,0.00,612.31,471.98,722.45,897.23,584.47,513.74,715.97,827.54,827.54,827.54,541.10,705.04,418.16,3150.40,3148.11,3735.05,3241.77,3051.19,3249.96,3389.81,1737.38,1415.65,1543.01,1543.01,1591.81,1591.81,1543.01,1798.90,1294.27,1716.26,1948.37,1614.31,1741.39,1772.84,1266.10,1290.18,988.13,751.78,856.87,596.75,598.16,764.58,3180.14,3748.59,3501.16,3048.58,3268.48,3589.22,3594.20,3309.13,2698.00,2775.99,2698.00,2698.00,3151.59
N11131C,109.66,0.00,196.89,758.51,1023.76,461.77,1033.70,869.81,700.38,811.23,109.66,691.81,570.71,801.96,1006.89,694.13,623.40,825.63,937.20,937.20,937.20,650.76,814.70,527.82,3249.13,3246.84,3833.78,3340.50,3149.92,3359.62,3488.55,1627.72,1305.99,1433.35,1433.35,1482.15,1482.15,1433.35,1689.24,1184.62,1825.92,1915.65,1504.65,1631.73,1663.18,1375.76,1399.84,878.47,642.12,747.21,706.41,644.39,654.92,3289.80,3858.25,3610.82,3158.24,3378.14,3698.88,3703.86,3418.79,2807.66,2885.64,2807.66,2807.66,3261.25
N11131D,110.47,220.13,0.00,660.34,1035.49,473.51,1064.67,1088.60,731.34,1030.02,110.47,722.78,582.45,832.92,810.00,497.25,426.51,628.74,740.31,740.31,740.31,453.87,617.81,330.93,3150.96,3148.67,3735.61,3242.33,3051.76,3162.73,3390.38,1838.36,1373.14,1500.51,1500.51,1549.31,1549.31,1500.51,1756.39,1251.77,1629.03,1861.14,1571.80,1698.88,1730.34,1178.88,1202.96,945.62,709.28,814.37,509.52,510.93,709.81,3092.91,3661.36,3413.93,2961.35,3181.25,3501.99,3506.97,3221.90,2610.78,2688.76,2610.78,2610.78,3064.36
N12111R,659.78,758.51,747.00,0.00,497.44,316.53,796.86,922.38,532.54,863.79,659.78,541.11,425.46,615.02,1101.32,788.57,717.83,907.96,1031.63,1031.63,1031.63,745.19,909.13,622.25,2490.62,2488.34,3075.28,2581.99,2391.42,3154.50,2730.04,1937.04,1947.15,2074.51,2074.51,2123.31,2123.31,2074.51,2330.40,1825.77,1920.35,2152.46,2145.81,2272.89,2304.34,1470.19,1494.28,1519.63,1283.28,1388.37,1256.53,1257.94,1296.08,3384.23,3952.68,3705.25,3252.67,3472.57,3793.31,3798.29,3513.22,2902.09,2980.08,2902.09,2902.09,3355.68
N12112P,815.28,914.01,902.51,346.95,0.00,472.03,701.37,848.25,458.41,789.66,815.28,466.98,580.97,519.53,1448.27,1135.52,1064.78,1254.91,1378.58,1378.58,1378.58,1092.14,1256.08,969.20,2819.00,2816.71,3403.65,2910.37,2719.79,3482.88,3058.41,1844.51,2102.65,2230.02,2230.02,2278.82,2278.82,2230.02,2485.90,1981.28,2267.30,2499.41,2301.31,2428.39,2459.85,1817.15,1841.23,1675.13,1438.79,1543.88,1412.03,1413.44,1451.59,3731.18,4299.63,4052.20,3599.62,3819.52,4140.27,4145.24,3860.17,3249.05,3327.03,3249.05,3249.05,3702.63
N12112V,363.04,461.77,450.27,316.53,581.78,0.00,591.16,615.09,257.83,556.51,363.04,249.27,108.94,359.41,1260.27,947.51,876.78,1079.01,1190.58,1190.58,1190.58,904.14,1068.08,781.20,2807.15,2804.86,3391.80,2898.52,2707.94,3471.03,3046.57,1620.52,1630.62,1757.99,1757.99,1806.79,1806.79,1757.99,2013.87,1509.25,2079.30,2240.29,1829.28,1956.36,1987.82,1629.14,1653.22,1203.10,966.76,1071.85,959.79,961.20,979.55,3543.18,4111.63,3864.20,3411.61,3631.51,3952.26,3957.24,3672.17,3061.04,3139.03,3061.04,3061.04,3514.63
N12131A,915.11,1013.85,1002.34,446.79,99.83,571.87,0.00,948.08,558.25,889.50,915.11,566.81,680.80,619.36,1548.11,1235.35,1164.62,1354.75,1478.42,1478.42,1478.42,1191.97,1355.92,1069.04,2842.40,2840.11,3427.05,2933.77,2743.19,3506.28,3081.81,1916.78,2202.49,2329.85,2329.85,2378.65,2378.65,2329.85,2585.74,2081.11,2367.14,2599.24,2401.15,2528.23,2559.68,1916.98,1941.06,1774.97,1538.62,1643.71,1511.87,1513.28,1551.42,3831.02,4399.47,4152.04,3699.45,3919.35,4240.10,4245.08,3960.00,3348.88,3426.86,3348.88,3348.88,3802.46
N12131B,978.13,869.81,1065.36,922.38,669.06,615.09,569.23,0.00,389.84,171.47,978.13,388.03,528.36,337.49,1875.36,1562.60,1491.87,1694.10,1805.67,1805.67,1805.67,1519.23,1683.17,1396.29,3411.63,3409.34,3996.28,3503.00,3312.42,4075.51,3651.05,1576.71,1993.63,2120.99,2120.99,2169.79,2169.79,2120.99,2376.88,1872.25,2552.31,2603.29,2192.29,2319.37,2350.82,2102.15,2126.23,1566.11,1329.76,1434.85,1536.70,1332.03,1342.56,4011.13,4579.58,4332.15,3879.57,4099.47,4420.22,4425.19,4140.12,3528.99,3606.98,3528.99,3528.99,3982.58
N12131C,620.87,700.38,708.10,532.54,424.52,257.83,333.32,389.84,0.00,331.25,620.87,8.57,148.90,101.58,1518.11,1205.35,1134.62,1336.84,1448.41,1448.41,1448.41,1161.97,1325.91,1039.03,3023.16,3020.87,3607.82,3114.53,2923.96,3687.04,3262.58,1407.29,1824.20,1951.57,1951.57,2000.36,2000.36,1951.57,2207.45,1702.83,2337.14,2433.86,2022.86,2149.94,2181.39,1886.98,1911.06,1396.68,1160.33,1265.42,1217.62,1162.60,1173.13,3801.01,4369.46,4122.03,3669.45,3889.35,4210.10,4215.07,3930.00,3318.88,3396.86,3318.88,3318.88,3772.46
N12132D,919.55,811.23,1006.77,863.79,610.48,556.51,510.65,171.47,331.25,0.00,919.55,329.45,469.78,278.90,1816.78,1504.02,1433.29,1635.51,1747.09,1747.09,1747.09,1460.65,1624.59,1337.71,3353.04,3350.76,3937.70,3444.42,3253.84,4016.92,3592.46,1518.13,1935.04,2062.41,2062.41,2111.21,2111.21,2062.41,2318.30,1813.67,2493.73,2544.71,2133.70,2260.79,2292.24,2043.57,2067.65,1507.53,1271.18,1376.27,1478.11,1273.44,1283.98,3952.55,4521.00,4273.57,3820.98,4040.88,4361.63,4366.61,4081.53,3470.41,3548.39,3470.41,3470.41,3923.99
N12141E,0.00,109.66,87.23,659.78,925.02,363.04,954.20,978.13,620.87,919.55,0.00,612.31,471.98,722.45,897.23,584.47,513.74,715.97,827.54,827.54,827.54,541.10,705.04,418.16,3150.40,3148.11,3735.05,3241.77,3051.19,3249.96,3389.81,1737.38,1415.65,1543.01,1543.01,1591.81,1591.81,1543.01,1798.90,1294.27,1716.26,1948.37,1614.31,1741.39,1772.84,1266.10,1290.18,988.13,751.78,856.87,596.75,598.16,764.58,3180.14,3748.59,3501.16,3048.58,3268.48,3589.22,3594.20,3309.13,2698.00,2775.99,2698.00,2698.00,3151.59
N12141W,612.31,691.81,699.54,541.11,433.09,249.27,341.89,388.03,8.57,329.45,612.31,0.00,140.33,110.15,1509.54,1196.78,1126.05,1328.27,1439.85,1439.85,1439.85,1153.41,1317.35,1030.47,3031.73,3029.44,3616.38,3123.10,2932.52,3695.61,3271.14,1398.72,1815.63,1943.00,1943.00,1991.80,1991.80,1943.00,2198.88,1694.26,2328.57,2425.30,2014.29,2141.37,2172.83,1878.41,1902.49,1388.11,1151.77,1256.86,1209.06,1154.03,1164.57,3792.45,4360.90,4113.47,3660.88,3880.78,4201.53,4206.51,3921.43,3310.31,3388.29,3310.31,3310.31,3763.89
N12151X,471.98,570.71,559.20,425.46,573.42,108.94,482.22,528.36,148.90,469.78,471.98,140.33,0.00,250.48,1369.21,1056.45,985.72,1187.94,1299.52,1299.52,1299.52,1013.07,1177.02,890.14,2916.08,2913.80,3500.74,3007.45,2816.88,3579.96,3155.50,1539.05,1739.56,1866.92,1866.92,1915.72,1915.72,1866.92,2122.81,1618.18,2188.24,2349.22,1938.22,2065.30,2096.75,1738.08,1762.16,1312.04,1075.69,1180.78,1068.73,1070.14,1088.49,3652.12,4220.56,3973.14,3520.55,3740.45,4061.20,4066.18,3781.10,3169.98,3247.96,3169.98,3169.98,3623.56
N12151Y,722.45,801.96,809.68,634.12,331.58,359.41,231.74,337.49,101.58,278.90,722.45,110.15,250.48,0.00,1619.68,1306.93,1236.20,1438.42,1549.99,1549.99,1549.99,1263.55,1427.49,1140.61,3074.14,3071.85,3658.80,3165.51,2974.94,3738.02,3313.56,1374.88,1925.78,2053.15,2053.15,2101.94,2101.94,2053.15,2309.03,1804.40,2438.72,2535.44,2124.44,2251.52,2282.97,1988.56,2012.64,1498.26,1261.91,1367.01,1319.20,1264.18,1274.71,3902.59,4471.04,4223.61,3771.03,3990.93,4311.68,4316.65,4031.58,3420.46,3498.44,3420.46,3420.46,3874.04
N13182E,743.34,853.00,662.30,1019.65,1517.09,1106.38,1697.54,1721.47,1364.21,1662.89,743.34,1355.65,1215.32,1465.79,0.00,856.56,785.83,988.05,69.69,69.69,69.69,367.95,204.01,690.25,2804.51,3183.93,3389.16,2658.52,3076.77,2352.73,2849.12,1978.08,1381.72,1509.09,1509.09,1519.49,1519.49,1509.09,1764.97,1260.35,930.99,1163.10,1580.35,1707.46,1738.89,480.83,504.92,954.20,717.85,822.95,490.88,662.29,691.16,2282.91,2851.36,2603.93,2151.34,2371.24,2691.99,2696.97,2411.90,1800.77,1878.75,1800.77,1800.77,2254.36
N17111B,951.40,1061.06,870.36,937.30,1434.74,1253.83,1734.16,1859.67,1469.84,1801.09,951.40,1478.41,1362.76,1552.32,948.15,0.00,564.66,131.49,878.46,878.46,878.46,592.02,755.96,550.81,3105.16,3102.87,3689.81,3167.06,3005.95,2861.26,3344.58,2668.82,2073.43,1902.53,1902.53,1906.99,1906.99,1902.53,2255.02,1952.06,1318.50,1550.60,1967.85,2322.62,2126.39,868.34,892.42,1645.92,1409.57,1514.66,1182.59,1341.40,1382.88,2791.45,3359.90,3112.47,2659.88,2879.78,3200.53,3205.51,2920.44,2309.31,2387.29,2309.31,2309.31,2762.89
N17111C,386.74,496.40,305.70,663.05,1160.49,749.78,1340.93,1364.87,1007.61,1306.28,386.74,999.04,858.71,1109.19,383.49,499.96,0.00,631.45,313.80,313.80,313.80,27.36,191.30,333.64,3153.67,3151.39,3738.33,3042.01,3054.47,2736.22,3232.61,2104.16,1508.78,1636.14,1636.14,1684.94,1684.94,1636.14,1892.03,1387.40,1202.52,1434.63,1707.43,1834.52,1865.97,752.36,776.44,1081.26,844.91,950.00,617.93,776.74,818.22,2666.40,3234.85,2987.42,2534.83,2754.73,3075.48,3080.46,2795.39,2184.26,2262.24,2184.26,2184.26,2637.84
N17122K,1018.28,1127.94,937.24,912.62,1410.05,1229.14,1709.48,1834.99,1445.15,1776.41,1018.28,1453.72,1338.08,1527.63,1015.03,702.27,631.54,0.00,945.34,945.34,945.34,658.90,822.84,535.96,2978.08,2975.80,3562.74,3069.45,2878.88,3367.76,3217.50,2735.70,2140.32,2267.69,2267.69,2316.48,2316.48,2267.69,2523.57,2018.95,1834.06,2066.17,2338.98,2466.06,2497.51,1383.90,1407.98,1712.80,1476.45,1581.55,1249.48,1408.28,1449.76,3297.94,3866.39,3618.96,3166.38,3386.28,3707.02,3712.00,3426.93,2815.80,2893.79,2815.80,2815.80,3269.39
N17131U,673.65,783.31,592.61,949.96,1447.40,1036.69,1627.84,1651.78,1294.52,1593.19,673.65,1285.95,1145.62,1396.10,69.69,786.87,716.14,918.36,0.00,0.00,0.00,298.25,134.31,620.55,2874.20,3253.62,3458.86,2728.21,3146.46,2422.42,2918.81,1908.39,1312.03,1439.39,1439.39,1488.19,1488.19,1439.39,1695.28,1190.65,944.58,1176.68,1510.69,1637.77,1669.22,494.42,518.50,884.51,648.16,753.25,421.19,592.60,621.47,2352.60,2921.05,2673.62,2221.04,2440.94,2761.68,2766.66,2481.59,1870.46,1948.45,1870.46,1870.46,2324.05
N17131X,673.65,783.31,592.61,949.96,1447.40,1036.69,1627.84,1651.78,1294.52,1593.19,673.65,1285.95,1145.62,1396.10,69.69,786.87,716.14,918.36,0.00,0.00,0.00,298.25,134.31,620.55,2874.20,3253.62,3458.86,2728.21,3146.46,2422.42,2918.81,1908.39,1312.03,1439.39,1439.39,1488.19,1488.19,1439.39,1695.28,1190.65,944.58,1176.68,1510.69,1637.77,1669.22,494.42,518.50,884.51,648.16,753.25,421.19,592.60,621.47,2352.60,2921.05,2673.62,2221.04,2440.94,2761.68,2766.66,2481.59,1870.46,1948.45,1870.46,1870.46,2324.05
N17131Y,673.65,783.31,592.61,949.96,1447.40,1036.69,1627.84,1651.78,1294.52,1593.19,673.65,1285.95,1145.62,1396.10,69.69,786.87,716.14,918.36,0.00,0.00,0.00,298.25,134.31,620.55,2874.20,3253.62,3458.86,2728.21,3146.46,2422.42,2918.81,1908.39,1312.03,1439.39,1439.39,1488.19,1488.19,1439.39,1695.28,1190.65,944.58,1176.68,1510.69,1637.77,1669.22,494.42,518.50,884.51,648.16,753.25,421.19,592.60,621.47,2352.60,2921.05,2673.62,2221.04,2440.94,2761.68,2766.66,2481.59,1870.46,1948.45,1870.46,1870.46,2324.05
N17131Z,375.39,485.05,294.36,651.71,1149.14,738.43,1329.59,1353.52,996.27,1294.94,375.39,987.70,847.37,1097.85,356.13,488.61,417.88,620.11,286.44,286.44,286.44,0.00,163.94,322.30,3142.33,3140.04,3726.98,3014.65,3043.12,2708.86,3205.25,2077.78,1481.42,1608.79,1608.79,1657.58,1657.58,1608.79,1864.67,1360.05,1175.16,1407.27,1680.08,1807.16,1838.62,725.00,749.09,1053.90,817.55,922.64,590.58,761.99,790.86,2639.04,3207.49,2960.06,2507.48,2727.38,3048.12,3053.10,2768.03,2156.91,2234.89,2156.91,2156.91,2610.49
N17141A,539.33,648.99,458.30,815.65,1313.09,902.37,1493.53,1517.46,1160.21,1458.88,539.33,1151.64,1011.31,1261.79,192.19,652.55,581.82,784.05,122.50,122.50,122.50,163.94,0.00,486.24,2996.70,3303.98,3581.36,2850.71,3207.07,2544.92,3041.31,1913.84,1317.48,1444.84,1444.84,1493.64,1493.64,1444.84,1700.73,1196.10,1011.22,1243.33,1516.14,1643.22,1674.67,561.06,585.14,889.96,653.61,758.70,426.63,598.05,626.92,2475.10,3043.55,2796.12,2343.54,2563.44,2884.18,2889.16,2604.09,1992.96,2070.95,1992.96,1992.96,2446.55
N17151S,482.32,591.98,401.28,758.63,1256.07,845.36,1436.52,1460.45,1103.19,1401.87,482.32,1094.62,954.29,1204.77,479.07,166.31,95.58,297.81,409.38,409.38,409.38,122.94,286.88,0.00,3249.25,3246.97,3833.91,3137.59,3150.05,2831.80,3328.19,2199.74,1604.36,1731.72,1731.72,1780.52,1780.52,1731.72,1987.61,1482.98,1298.10,1530.21,1803.02,1930.10,1961.55,847.94,872.02,1176.84,940.49,1045.58,713.51,872.32,913.80,2761.98,3330.43,3083.00,2630.42,2850.32,3171.06,3176.04,2890.97,2279.84,2357.83,2279.84,2279.84,2733.43
N19111N,3043.07,3141.80,3130.30,2383.30,2767.01,2699.82,3150.22,3305.67,2915.84,3247.09,3043.07,2924.40,2808.76,2979.74,3440.21,3127.45,3056.72,2968.50,3370.52,3370.52,3370.52,3084.08,3248.02,2961.14,0.00,379.42,584.66,473.08,272.26,1045.59,621.13,4137.48,4216.33,3713.88,3713.88,3718.35,3718.35,3713.88,4066.37,3849.92,3129.85,3361.95,3779.21,4133.97,3937.74,2895.29,2919.37,3902.93,3666.58,3771.67,3639.82,3641.23,3679.38,3126.05,3276.87,2888.96,2994.48,1965.02,2285.76,2290.74,2005.67,1318.44,1472.53,1318.44,1318.44,1848.13
N19121G,3282.72,3381.45,3369.95,2622.94,3006.66,2939.47,3389.87,3545.32,3155.48,3486.74,3282.72,3164.05,3048.41,3219.39,3679.86,3273.74,3296.37,3208.14,3610.17,3610.17,3610.17,3323.72,3487.67,3200.79,239.65,0.00,824.30,93.66,511.91,666.17,241.70,4377.13,3836.91,3334.46,3334.46,3338.93,3338.93,3334.46,3686.95,3470.50,2750.43,2982.53,3399.78,3754.55,3558.32,2515.87,2539.95,3839.77,3906.23,3971.03,3879.47,3880.88,3919.03,2746.63,2897.45,2509.53,2615.06,1585.59,1906.34,1911.32,1626.25,939.02,1093.11,939.02,939.02,1468.71
N19121J,2827.01,2925.74,2914.24,2167.24,2550.95,2483.76,2934.16,3089.61,2699.78,3031.03,2827.01,2708.35,2592.70,2763.68,3224.15,2911.39,2840.66,2752.44,3154.46,3154.46,3154.46,2868.02,3031.96,2745.08,1146.29,1144.01,0.00,1237.67,1047.09,1810.17,1385.71,3921.42,4114.39,4241.75,4241.75,4290.55,4290.55,4241.75,4497.64,3993.01,3894.43,4126.54,4313.05,4440.13,4471.58,3593.02,3617.10,3686.87,3450.52,3555.61,3423.77,3425.18,3463.32,3890.63,3811.93,3653.54,3759.07,2729.60,3050.35,3055.33,2770.25,2083.03,2237.11,2083.03,2083.03,2612.71
N19131B,3324.28,3423.01,3411.50,2664.50,3048.21,2981.03,3431.42,3586.88,3197.04,3528.29,3324.28,3205.61,3089.96,3260.94,3721.41,3357.86,3337.92,3249.70,3651.72,3651.72,3651.72,3365.28,3529.22,3242.34,281.20,660.63,865.86,0.00,553.47,750.28,325.82,4418.68,3921.02,3418.57,3418.57,3423.04,3423.04,3418.57,3771.06,3554.61,2834.54,3066.64,3483.90,3838.66,3642.43,2599.98,2624.06,3923.88,3947.78,4052.87,3921.03,3922.44,3960.58,2830.74,2981.56,2593.65,2699.17,1669.71,1990.45,1995.43,1710.36,1023.13,1177.22,1023.13,1023.13,1552.82
N19131D,3142.27,3241.01,3229.50,2482.50,2866.21,2799.03,3249.42,3404.87,3015.04,3346.29,3142.27,3023.61,2907.96,3078.94,3539.41,3226.65,3155.92,3067.70,3469.72,3469.72,3469.72,3183.28,3347.22,3060.34,99.20,478.62,683.86,572.28,0.00,1144.79,720.33,4236.68,4315.54,3813.08,3813.08,3817.55,3817.55,3813.08,4165.57,3949.12,3229.05,3461.16,3878.41,4233.17,4036.95,2994.50,3018.58,4002.13,3765.78,3870.87,3739.03,3740.44,3778.58,3225.25,3376.07,2988.16,3093.69,2064.22,2384.97,2389.95,2104.87,1417.64,1571.73,1417.64,1417.64,1947.33
N19161C,3494.85,3593.59,3582.08,2835.08,3218.79,3151.61,3602.00,3757.45,3367.62,3698.87,3494.85,3376.19,3260.54,3431.52,3891.99,3528.44,3508.50,3420.28,3822.30,3822.30,3822.30,3535.86,3699.80,3412.92,451.78,831.20,1036.44,305.79,724.04,0.00,496.39,4589.26,4091.60,3589.15,3589.15,3593.62,3593.62,3589.15,3941.64,3725.19,3005.12,3237.22,3654.47,4009.24,3813.01,2770.56,2794.64,4094.46,4118.36,4223.45,4091.61,4093.02,4131.16,3001.32,3152.14,2764.23,2869.75,1840.29,2161.03,2166.01,1880.94,1193.71,1347.80,1193.71,1193.71,1723.40
N19162A,3571.63,3670.36,3517.93,2911.86,3295.57,3228.38,3678.78,3834.23,3444.39,3775.65,3571.63,3452.96,3337.32,3508.30,3595.72,3032.04,3212.23,3163.53,3526.03,3526.03,3526.03,3239.59,3403.53,3489.70,876.25,1255.67,1460.90,730.26,1148.51,424.46,0.00,4641.08,3595.21,3092.75,3092.75,3097.22,3097.22,3092.75,3445.24,3228.79,2508.72,2740.83,3158.08,3512.85,3316.62,2274.17,2298.25,3598.07,3834.41,3729.32,3830.16,3988.97,3885.81,2504.92,2695.73,2267.83,2373.36,1343.89,1664.64,1669.62,1384.54,697.31,851.40,697.31,697.31,1227.00
N32121J,1231.08,1121.42,1280.64,1657.27,1922.52,1340.74,1867.64,1703.74,1534.32,1645.16,1231.08,1525.75,1449.67,1635.90,1471.27,1777.89,1707.15,1909.38,1401.58,1401.58,1401.58,1582.78,1418.84,1611.57,3995.50,4145.60,4580.16,3849.51,4048.68,3543.72,4040.11,0.00,708.18,835.55,835.55,884.35,884.35,835.55,1091.43,586.81,1487.80,1317.85,906.84,1033.93,1065.38,1564.92,1589.00,690.81,753.94,648.84,999.47,852.87,805.33,3473.90,4042.35,3794.92,3342.34,3562.24,3882.99,3887.96,3602.89,2991.77,3069.75,2991.77,2991.77,3445.35
N33113P,1607.61,1497.95,1578.13,1982.32,2417.56,1835.79,2362.69,2198.79,2029.36,2140.21,1607.61,2020.80,1944.72,2130.94,1219.10,1658.81,1748.49,1790.31,1149.40,1149.40,1149.40,1330.61,1166.67,1652.91,3327.36,3706.78,3912.01,3181.37,3599.62,2875.57,3371.97,1675.69,0.00,127.37,127.37,176.17,176.17,127.37,485.82,263.41,779.61,609.66,198.66,553.42,357.20,900.94,925.02,632.68,869.03,763.94,1114.56,1067.37,920.43,2805.76,3374.21,3126.78,2674.19,2894.09,3214.84,3219.82,2934.75,2323.62,2401.60,2323.62,2323.62,2777.20
N33121C,1480.24,1370.58,1450.77,2024.94,2290.20,1708.42,2235.32,2071.43,1902.00,2012.84,1480.24,1893.43,1817.36,2003.58,1459.00,1948.01,1877.28,2079.51,1389.30,1389.30,1389.30,1570.51,1406.57,1781.70,3829.81,4209.23,4414.47,3683.82,4102.07,3378.03,3874.42,1548.33,502.45,0.00,0.00,678.62,678.62,0.00,640.67,136.04,1282.07,1112.12,701.11,583.16,859.65,1403.39,1427.47,505.32,741.66,636.57,987.19,940.00,793.06,3308.21,3876.66,3629.23,3176.65,3396.55,3717.30,3722.27,3437.20,2826.08,2904.06,2826.08,2826.08,3279.66
N33121D,1480.24,1370.58,1450.77,2024.94,2290.20,1708.42,2235.32,2071.43,1902.00,2012.84,1480.24,1893.43,1817.36,2003.58,1459.00,1948.01,1877.28,2079.51,1389.30,1389.30,1389.30,1570.51,1406.57,1781.70,3829.81,4209.23,4414.47,3683.82,4102.07,3378.03,3874.42,1548.33,502.45,0.00,0.00,678.62,678.62,0.00,640.67,136.04,1282.07,1112.12,701.11,583.16,859.65,1403.39,1427.47,505.32,741.66,636.57,987.19,940.00,793.06,3308.21,3876.66,3629.23,3176.65,3396.55,3717.30,3722.27,3437.20,2826.08,2904.06,2826.08,2826.08,3279.66
N33121F,2002.49,1892.83,1973.01,2416.13,2812.44,2230.66,2757.56,2593.67,2424.24,2535.08,2002.49,2415.67,2339.60,2525.82,1652.91,2075.06,2182.30,2206.55,1583.21,1583.21,1583.21,1764.42,1600.48,2086.72,3761.17,4140.59,4345.82,3615.18,4033.43,3309.38,3805.78,2070.57,1024.70,522.24,522.24,0.00,0.00,522.24,874.74,658.28,603.45,433.50,587.57,942.34,746.11,1317.18,1341.26,1027.56,1263.91,1158.81,1509.44,1462.25,1315.30,3071.27,3755.32,3507.89,3054.00,3327.90,3648.65,3653.63,3368.55,2757.43,2835.41,2757.43,2757.43,3211.01
N33121G,2002.49,1892.83,1973.01,2416.13,2812.44,2230.66,2757.56,2593.67,2424.24,2535.08,2002.49,2415.67,2339.60,2525.82,1652.91,2075.06,2182.30,2206.55,1583.21,1583.21,1583.21,1764.42,1600.48,2086.72,3761.17,4140.59,4345.82,3615.18,4033.43,3309.38,3805.78,2070.57,1024.70,522.24,522.24,0.00,0.00,522.24,874.74,658.28,603.45,433.50,587.57,942.34,746.11,1317.18,1341.26,1027.56,1263.91,1158.81,1509.44,1462.25,1315.30,3071.27,3755.32,3507.89,3054.00,3327.90,3648.65,3653.63,3368.55,2757.43,2835.41,2757.43,2757.43,3211.01
N33121J,1480.24,1370.58,1450.77,2024.94,2290.20,1708.42,2235.32,2071.43,1902.00,2012.84,1480.24,1893.43,1817.36,2003.58,1459.00,1948.01,1877.28,2079.51,1389.30,1389.30,1389.30,1570.51,1406.57,1781.70,3829.81,4209.23,4414.47,3683.82,4102.07,3378.03,3874.42,1548.33,502.45,0.00,0.00,678.62,678.62,0.00,640.67,136.04,1282.07,1112.12,701.11,583.16,859.65,1403.39,1427.47,505.32,741.66,636.57,987.19,940.00,793.06,3308.21,3876.66,3629.23,3176.65,3396.55,3717.30,3722.27,3437.20,2826.08,2904.06,2826.08,2826.08,3279.66
N33121X,1567.87,1458.21,1538.39,2043.63,2377.82,1796.04,2322.94,2159.05,1989.62,2100.47,1567.87,1981.05,1904.98,2091.20,1280.42,1720.13,1809.81,1851.63,1210.72,1210.72,1210.72,1391.93,1227.99,1714.23,3388.68,3768.10,3973.33,3242.69,3660.94,2936.89,3433.29,1635.95,590.08,87.62,87.62,199.05,199.05,87.62,0.00,223.67,802.50,632.55,202.57,557.34,361.11,962.26,986.34,592.94,829.29,724.20,1074.82,1027.63,880.69,2867.08,3435.53,3188.10,2735.51,2955.41,3276.16,3281.14,2996.06,2384.94,2462.92,2384.94,2384.94,2838.52
N33122S,1344.20,1234.54,1314.72,1888.90,2154.15,1572.38,2099.28,1935.38,1765.95,1876.80,1344.20,1757.39,1681.31,1867.53,1322.95,1811.97,1741.24,1943.46,1253.26,1253.26,1253.26,1434.47,1270.53,1645.66,3693.77,4073.19,4278.43,3547.78,3966.03,3241.99,3738.38,1412.29,366.41,493.78,493.78,542.58,542.58,493.78,504.62,0.00,1146.03,976.08,565.07,447.12,723.61,1267.35,1291.43,369.27,605.62,500.53,851.15,803.96,657.02,3172.17,3740.62,3493.19,3040.61,3260.51,3581.25,3586.23,3301.16,2690.03,2768.02,2690.03,2690.03,3143.62
N33131Y,2064.27,1954.61,2034.80,2477.91,2874.22,2292.45,2819.35,2655.45,2486.03,2596.87,2064.27,2477.46,2401.38,2587.60,1714.69,1646.28,1826.47,1777.77,1645.00,1645.00,1645.00,1826.20,1662.26,2148.51,3333.12,3712.54,3917.77,3187.13,3605.38,2881.33,3377.73,2132.36,1086.48,584.03,584.03,588.50,588.50,584.03,936.52,720.07,0.00,232.11,649.36,1004.12,807.90,888.40,912.49,1089.35,1325.69,1220.60,1571.22,1524.03,1377.09,2811.52,3379.97,3132.54,2679.95,2899.85,3220.60,3225.58,2940.50,2329.38,2407.36,2329.38,2329.38,2782.96
N33132Z,2026.17,1916.52,1996.70,2439.82,2836.13,2254.35,2781.25,2617.36,2447.93,2558.77,2026.17,2439.36,2363.29,2549.51,1676.60,1712.01,1892.20,1843.50,1606.90,1606.90,1606.90,1788.11,1624.17,2110.41,3398.84,3778.27,3983.50,3252.85,3671.11,2947.06,3443.46,2094.26,1048.39,545.93,545.93,550.40,550.40,545.93,898.42,681.97,232.11,0.00,611.26,966.03,769.80,954.13,978.21,1051.25,1287.60,1182.50,1533.13,1485.94,1338.99,2877.25,3445.69,3198.27,2745.68,2965.58,3286.33,3291.31,3006.23,2395.11,2473.09,2395.11,2395.11,2848.69
N33141W,1774.26,1664.60,1744.78,2318.96,2584.21,2002.43,2529.34,2365.44,2196.01,2306.86,1774.26,2187.45,2111.37,2297.59,1567.58,2007.30,2096.97,2138.79,1497.89,1497.89,1497.89,1679.09,1515.15,2001.39,3675.84,4055.26,4260.50,3529.85,3948.10,3224.06,3720.45,1842.34,796.47,374.79,374.79,471.01,471.01,374.79,287.16,510.83,1074.46,904.51,0.00,354.76,158.54,1249.42,1273.50,799.33,1035.68,930.59,1281.21,1234.02,1087.08,3154.24,3722.69,3475.26,3022.68,3242.58,3563.32,3568.30,3283.23,2672.10,2750.09,2672.10,2672.10,3125.69
N33142E,1725.01,1615.35,1695.53,2269.71,2534.96,1953.18,2480.08,2316.19,2146.76,2257.60,1725.01,2138.19,2062.12,2248.34,1643.44,2083.15,2122.04,2214.65,1573.74,1573.74,1573.74,1754.95,1591.01,2026.46,3751.70,4131.12,4336.35,3605.71,4023.96,3299.91,3796.31,1793.09,747.22,450.65,450.65,562.08,562.08,450.65,363.02,586.69,1165.52,995.57,565.59,0.00,724.13,1325.28,1349.36,750.08,986.43,881.33,1231.96,1184.77,1037.82,3230.10,3798.55,3551.12,3098.53,3318.43,3639.18,3644.16,3359.09,2747.96,2825.94,2747.96,2747.96,3201.54
N33151L,1727.58,1617.92,1698.10,2272.28,2537.53,1955.76,2482.66,2318.76,2149.33,2260.18,1727.58,2140.77,2064.69,2250.91,1520.90,1960.62,2050.30,2092.11,1451.21,1451.21,1451.21,1632.41,1468.47,1954.71,3629.16,4008.58,4213.82,3483.17,3901.42,3177.38,3673.77,1795.66,749.79,328.11,328.11,439.54,439.54,328.11,240.49,464.15,1042.99,873.04,443.06,308.09,0.00,1202.74,1226.82,752.65,989.00,883.91,1234.53,1187.34,1040.40,3107.56,3676.01,3428.58,2976.00,3195.90,3516.65,3521.62,3236.55,2625.43,2703.41,2625.43,2625.43,3079.01
N37121M,1533.85,1643.51,1452.81,1810.16,2307.60,1896.89,2488.04,2511.98,2154.72,2453.39,1533.85,2146.15,2005.82,2256.30,1530.60,966.92,1147.11,1098.41,1460.91,1460.91,1460.91,1174.47,1338.41,1480.76,2444.71,2824.13,3029.37,2298.72,2716.97,1992.93,2489.32,2582.51,1536.64,1034.19,1034.19,1038.66,1038.66,1034.19,1386.68,1170.23,450.16,682.26,1099.52,1454.28,1258.05,0.00,24.08,1539.50,1775.85,1670.76,1765.04,1923.85,1827.25,1923.11,2491.56,2244.13,1791.55,2011.45,2332.20,2337.17,2052.10,1440.97,1518.96,1440.97,1440.97,1894.56
N37131A,1509.77,1619.43,1428.73,1786.08,2283.52,1872.81,2463.96,2487.90,2130.64,2429.31,1509.77,2122.07,1981.74,2232.22,1506.52,942.84,1123.03,1074.34,1436.83,1436.83,1436.83,1150.39,1314.33,1456.68,2420.63,2800.05,3005.29,2274.64,2692.89,1968.85,2465.24,2558.43,1512.56,1010.11,1010.11,1014.58,1014.58,1010.11,1362.60,1146.15,426.08,658.18,1075.44,1430.20,1233.97,184.97,0.00,1515.42,1751.77,1646.68,1740.96,1899.77,1803.17,1899.03,2467.48,2220.05,1767.47,1987.37,2308.11,2313.09,2028.02,1416.89,1494.88,1416.89,1416.89,1870.48
N38111F,974.93,865.27,945.45,1519.63,1784.88,1203.10,1730.00,1566.11,1396.68,1507.53,974.93,1388.11,1312.04,1498.26,953.68,1442.70,1371.96,1574.19,883.99,883.99,883.99,1065.19,901.25,1276.38,3477.91,3857.34,4062.57,3331.92,3750.18,3026.13,3522.53,1286.39,427.52,554.88,554.88,603.68,603.68,554.88,810.77,306.15,1207.13,1037.18,626.18,753.26,784.71,1047.34,1071.42,0.00,236.35,131.25,481.88,434.69,287.74,2956.32,3524.76,3277.34,2824.75,3044.65,3365.40,3370.38,3085.30,2474.18,2552.16,2474.18,2474.18,2927.76
N38111G,738.58,628.92,709.10,1283.28,1548.53,966.76,1493.66,1329.76,1160.33,1271.18,738.58,1151.77,1075.69,1261.91,717.33,1206.35,1135.62,1337.84,647.64,647.64,647.64,828.85,664.90,1040.04,3241.57,3620.99,3826.22,3095.58,3513.83,2789.78,3286.18,1260.23,663.87,791.23,791.23,840.03,840.03,791.23,1047.12,542.49,1261.15,1273.53,862.52,989.61,1021.06,810.99,835.07,236.35,0.00,105.09,245.53,198.34,51.40,2719.97,3288.42,3040.99,2588.40,2808.30,3129.05,3134.03,2848.95,2237.83,2315.81,2237.83,2237.83,2691.41
N38111H,843.67,734.01,814.20,1388.37,1653.62,1071.85,1598.75,1434.85,1265.43,1376.27,843.67,1256.86,1180.78,1367.01,822.42,1311.44,1240.71,1442.94,752.73,752.73,752.73,933.94,770.00,1145.13,3346.66,3726.08,3931.31,3200.67,3618.92,2894.88,3391.27,1155.14,558.77,686.14,686.14,734.94,734.94,686.14,942.02,437.40,1338.39,1168.44,757.43,884.52,915.97,916.08,940.16,131.25,105.09,0.00,350.62,303.43,156.49,2825.06,3393.51,3146.08,2693.49,2913.39,3234.14,3239.12,2954.05,2342.92,2420.91,2342.92,2342.92,2796.51
N38121J,502.18,392.52,472.70,1133.04,1416.27,854.29,1426.22,1262.33,1092.90,1203.74,502.18,1084.33,963.22,1194.48,471.80,969.95,899.21,1101.44,402.11,402.11,402.11,583.31,419.37,803.63,3187.16,3566.58,3771.81,3041.17,3459.42,2735.37,3231.77,1530.84,934.48,1061.85,1061.85,1110.65,1110.65,1061.85,1317.73,813.11,1192.60,1424.71,1133.14,1260.22,1291.68,742.44,766.52,506.96,270.62,375.71,0.00,215.05,243.92,2665.56,3234.01,2986.58,2533.99,2753.89,3074.64,3079.62,2794.54,2183.42,2261.40,2183.42,2183.42,2637.00
N38121K,540.24,430.58,510.76,1171.10,1454.34,892.35,1464.28,1300.39,1130.96,1241.81,540.24,1122.39,1001.28,1232.54,691.15,1008.01,937.27,1139.50,621.45,621.45,621.45,802.66,638.72,841.69,3401.31,3659.43,3985.97,3255.32,3562.52,2949.53,3445.92,1359.17,862.21,989.57,989.57,1038.37,1038.37,989.57,1245.46,740.83,1411.95,1471.87,1060.87,1187.95,1219.40,961.79,985.87,434.69,198.34,303.43,262.98,0.00,211.14,2879.71,3448.16,3200.73,2748.15,2968.05,3288.79,3293.77,3008.70,2397.57,2475.56,2397.57,2397.57,2851.16
N38121L,696.31,586.65,666.83,1327.17,1610.41,1048.42,1620.36,1456.46,1287.03,1397.88,696.31,1278.46,1157.36,1388.61,665.94,1164.08,1093.35,1295.57,596.24,596.24,596.24,777.45,613.51,997.76,3381.29,3760.71,3965.95,3235.30,3653.55,2929.51,3425.90,1520.16,1023.20,1150.56,1150.56,1199.36,1199.36,1150.56,1406.45,901.82,1386.74,1618.84,1221.86,1348.94,1380.39,936.58,960.66,595.68,359.33,464.42,194.13,160.99,0.00,2859.69,3428.14,3180.71,2728.13,2948.03,3268.77,3273.75,2988.68,2377.55,2455.54,2377.55,2377.55,2831.14
N41114J,4377.12,4486.78,4296.09,4653.44,5150.87,4740.16,5331.32,5203.19,4998.00,5144.60,4377.12,4989.43,4849.10,5099.58,4282.15,3810.20,3990.39,3941.69,4212.46,4212.46,4212.46,4017.74,4181.68,4324.03,3830.94,4210.37,4415.60,3684.95,4103.20,3379.16,3875.56,4660.58,3634.22,3131.76,3131.76,3146.78,3146.78,3131.76,3469.26,3267.81,3177.28,3243.01,3182.10,3536.86,3340.63,3052.32,3076.40,3637.08,3873.43,3768.34,4118.96,4071.77,3924.82,0.00,1955.05,1707.62,1757.73,2508.89,2386.50,2482.85,2265.04,2827.21,2872.52,2827.21,2827.21,2413.55
N41121X,3902.41,4012.07,3821.38,4178.73,4676.16,4265.45,4856.61,4880.54,4523.28,4821.96,3902.41,4514.72,4374.39,4624.87,3899.16,3335.49,3515.68,3466.98,3829.47,3829.47,3829.47,3543.03,3706.97,3849.32,2855.39,3234.81,3440.04,2709.40,3127.65,2403.60,2900.00,4944.52,3898.65,3396.20,3396.20,3400.67,3400.67,3396.20,3748.69,3532.24,2812.17,3044.27,3461.53,3816.29,3620.06,2577.61,2601.69,3901.51,4137.86,4032.77,4133.61,4292.41,4189.26,629.97,0.00,519.12,1254.90,1372.73,1250.34,1170.68,1128.88,1851.65,1736.36,1851.65,1851.65,1277.39
N41122Y,4133.42,4243.08,4052.39,4409.74,4892.32,4496.46,5087.62,5111.55,4754.29,5052.97,4133.42,4745.73,4605.40,4855.87,4130.17,3566.49,3746.68,3697.99,4060.48,4060.48,4060.48,3774.04,3937.98,4080.33,2715.21,3094.63,3299.86,2569.22,2987.47,2263.43,2759.82,5175.53,4129.66,3627.20,3627.20,3631.68,3631.68,3627.20,3979.70,3763.25,3043.18,3275.28,3692.53,4047.30,3851.07,2808.62,2832.70,4132.52,4368.87,4263.78,4364.62,4523.42,4420.27,1228.05,664.99,0.00,1494.88,1232.56,786.34,882.68,988.70,1711.47,1596.18,1711.47,1711.47,1137.21
N42112G,3404.00,3513.66,3322.97,3680.32,4177.75,3767.04,4358.20,4382.13,4024.88,4323.55,3404.00,4016.31,3875.98,4126.46,3400.76,2837.08,3017.27,2968.57,3331.07,3331.07,3331.07,3044.62,3208.57,3350.91,2829.71,3209.13,3414.37,2683.72,3101.97,2377.93,2874.32,4446.11,3400.24,2897.79,2897.79,2902.26,2902.26,2897.79,3250.28,3033.83,2313.76,2545.86,2963.12,3317.88,3121.66,2079.20,2103.28,3403.10,3639.45,3534.36,3635.20,3794.01,3690.85,131.57,804.79,557.36,0.00,1358.63,1236.24,1332.59,1114.78,1825.97,1722.26,1825.97,1825.97,1263.29
N51111B,3449.21,3558.87,3368.17,3725.52,4222.96,3812.25,4403.40,4427.34,4070.08,4368.76,3449.21,4061.51,3921.18,4171.66,3445.96,2882.28,3062.47,3013.78,3376.27,3376.27,3376.27,3089.83,3253.77,3396.12,1697.82,2077.25,2282.48,1551.84,1970.09,1246.04,1742.44,4491.32,3445.45,2942.99,2942.99,2947.46,2947.46,2942.99,3295.49,3079.04,2358.96,2591.07,3008.32,3363.09,3166.86,2124.41,2148.49,3448.31,3684.66,3579.56,3680.41,3839.21,3736.05,1308.41,1400.31,923.94,1575.25,0.00,320.75,416.98,40.65,694.09,578.80,694.09,694.09,119.83
N51121J,3770.16,3879.82,3689.12,4046.47,4543.91,4133.20,4724.35,4748.29,4391.03,4689.70,3770.16,4382.46,4242.13,4492.61,3766.91,3203.23,3383.42,3334.72,3697.22,3697.22,3697.22,3410.78,3574.72,3717.06,2018.77,2398.20,2603.43,1872.78,2291.03,1566.99,2063.39,4812.27,3766.40,3263.94,3263.94,3268.41,3268.41,3263.94,3616.43,3399.98,2679.91,2912.02,3329.27,3684.03,3487.81,2445.36,2469.44,3769.26,4005.60,3900.51,4001.35,4160.16,4057.00,1245.49,1268.18,603.19,1512.32,458.21,0.00,96.35,280.10,1015.04,899.75,1015.04,1015.04,440.78
N51131Q,3775.24,3884.90,3694.20,4051.55,4481.02,4138.28,4729.43,4753.37,4396.11,4694.78,3775.24,4387.54,4247.21,4497.69,3771.99,3208.31,3388.50,3339.80,3702.30,3702.30,3702.30,3415.86,3579.80,3722.14,2023.85,2403.27,2608.51,1877.86,2296.11,1572.07,2068.46,4817.35,3771.48,3269.02,3269.02,3273.49,3273.49,3269.02,3621.51,3405.06,2684.99,2917.10,3334.35,3689.11,3492.89,2450.44,2474.52,3774.34,4010.68,3905.59,4006.43,4165.24,4062.08,1341.84,1310.10,699.54,1608.67,361.86,96.35,0.00,376.33,1020.12,904.83,1020.12,1020.12,481.69
N51131R,3490.06,3599.72,3409.03,3766.38,4263.81,3853.10,4444.26,4468.19,4110.93,4409.61,3490.06,4102.37,3962.04,4212.51,3486.81,2923.13,3103.32,3054.63,3417.12,3417.12,3417.12,3130.68,3294.62,3436.97,1738.68,2118.10,2323.33,1592.69,2010.94,1286.89,1783.29,4532.17,3486.30,2983.84,2983.84,2988.32,2988.32,2983.84,3336.34,3119.89,2399.82,2631.92,3049.17,3403.94,3207.71,2165.26,2189.34,3489.16,3725.51,3620.42,3721.26,3880.06,3776.91,1267.76,1359.66,883.29,1534.59,243.86,280.10,376.33,0.00,734.94,619.65,734.94,734.94,160.68
N52121I,2946.46,3056.12,2865.42,3222.77,3694.40,3309.50,3900.65,3924.59,3567.33,3866.01,2946.46,3558.76,3418.43,3668.91,2943.21,2379.53,2559.72,2511.03,2873.52,2873.52,2873.52,2587.08,2751.02,2893.37,1003.74,1383.16,1588.39,857.75,1276.00,551.95,1048.35,3988.57,2942.70,2440.24,2440.24,2444.71,2444.71,2440.24,2792.74,2576.28,1856.21,2088.32,2505.57,2860.34,2664.11,1621.66,1645.74,2945.56,3181.91,3076.81,3177.66,3336.46,3233.30,1852.41,2083.90,1607.53,1720.85,683.59,1004.34,1009.31,724.24,0.00,191.10,0.00,0.00,566.70
N52121M,3085.82,3195.48,3004.79,3362.14,3859.57,3448.86,4040.02,4063.95,3706.70,4005.37,3085.82,3698.13,3557.80,3808.28,3082.58,2518.90,2699.09,2650.39,3012.88,3012.88,3012.88,2726.44,2890.38,3032.73,1334.44,1713.86,1919.09,1188.45,1606.70,882.66,1379.05,4127.93,3082.06,2579.61,2579.61,2584.08,2584.08,2579.61,2932.10,2715.65,1995.58,2227.68,2644.94,2999.70,2803.47,1761.02,1785.10,3084.92,3321.27,3216.18,3317.02,3475.82,3372.67,1800.90,1892.80,1416.43,1797.29,492.49,813.24,818.22,533.14,330.70,0.00,330.70,330.70,375.60
N52121O,2946.46,3056.12,2865.42,3222.77,3694.40,3309.50,3900.65,3924.59,3567.33,3866.01,2946.46,3558.76,3418.43,3668.91,2943.21,2379.53,2559.72,2511.03,2873.52,2873.52,2873.52,2587.08,2751.02,2893.37,1003.74,1383.16,1588.39,857.75,1276.00,551.95,1048.35,3988.57,2942.70,2440.24,2440.24,2444.71,2444.71,2440.24,2792.74,2576.28,1856.21,2088.32,2505.57,2860.34,2664.11,1621.66,1645.74,2945.56,3181.91,3076.81,3177.66,3336.46,3233.30,1852.41,2083.90,1607.53,1720.85,683.59,1004.34,1009.31,724.24,0.00,191.10,0.00,0.00,566.70
N52121P,2946.46,3056.12,2865.42,3222.77,3694.40,3309.50,3900.65,3924.59,3567.33,3866.01,2946.46,3558.76,3418.43,3668.91,2943.21,2379.53,2559.72,2511.03,2873.52,2873.52,2873.52,2587.08,2751.02,2893.37,1003.74,1383.16,1588.39,857.75,1276.00,551.95,1048.35,3988.57,2942.70,2440.24,2440.24,2444.71,2444.71,2440.24,2792.74,2576.28,1856.21,2088.32,2505.57,2860.34,2664.11,1621.66,1645.74,2945.56,3181.91,3076.81,3177.66,3336.46,3233.30,1852.41,2083.90,1607.53,1720.85,683.59,1004.34,1009.31,724.24,0.00,191.10,0.00,0.00,566.70
N53161K,3329.38,3439.04,3248.34,3605.69,4103.13,3692.42,4283.57,4307.51,3950.25,4248.93,3329.38,3941.68,3801.35,4051.83,3326.13,2762.45,2942.64,2893.95,3256.44,3256.44,3256.44,2970.00,3133.94,3276.29,1577.99,1957.42,2162.65,1432.01,1850.26,1126.21,1622.61,4371.49,3325.62,2823.16,2823.16,2827.63,2827.63,2823.16,3175.66,2959.21,2239.13,2471.24,2888.49,3243.26,3047.03,2004.58,2028.66,3328.48,3564.83,3459.73,3560.58,3719.38,3616.22,1425.30,1517.20,1040.83,1692.13,116.89,437.64,471.00,157.54,574.26,458.97,574.26,574.26,0.00
