detid_Y,135D1_9,135D3_8,135D6_8,135Stau1,135Stau5,145D1_9,145D29_8,145D2_8,145D37_8,179D1_10,179D2_10,179D3_10,179D5_8,560D2_8,560D2_9,560SD2,560SD2_1,560SD2_4,560SD2_5,561D4_8,563D33_8,563D34_8,563D34_9,563D4_8,563D4_9,563D6_8,563D6_9,563Stau2,563Stau2_1,563Stau3,563Stau34,563Stau35,563Stau3_1,566D1_8,566D1_9,566D5_8,566D5_9,566D6_8,566D6_9,566D7_8,566D8_8,567D10_8,567D10_9,567D11_8,567D1_8,567D1_9,567D4_8,568D2_8,568D3_8,568D4_8,569D1_8,569D2_8,569D3_8,569D4_8,569D5_8,569D6_8,569D9_8,571D18_8,571D7_8,571D7_9,572D1_8,572D1_9,572D2_10,572D2_8,572D2_9,772D2_8,773D1_8,773D3_9,774D5_8,774D5_9,774D6_8,774D8_8,774D8_9,774Stau1_8_1,774Stau1_8_2,777D1_8,777D1_9
135D1_9,0.00,401.32,1946.56,408.53,0.00,2152.18,2103.81,1949.61,2207.96,1651.46,1479.10,1479.10,1567.03,938.26,938.26,793.89,793.89,845.31,845.31,1062.60,1204.28,1204.28,1204.28,1041.32,1041.32,1074.84,1074.84,1074.84,1074.84,1041.32,1495.76,939.93,1041.32,1564.74,1564.74,1496.77,1496.77,1578.42,1578.42,1578.42,1578.42,1564.74,1564.74,1564.74,1738.96,1738.96,1494.38,1738.96,1742.63,1742.63,1163.54,1163.54,1163.54,1149.23,1149.23,1149.23,1618.65,1651.62,1622.48,1622.48,1681.91,1681.91,1521.39,1887.96,1887.96,2207.15,2296.91,2315.13,2427.35,2427.35,2450.56,2243.10,2243.10,2313.48,2313.48,1678.10,1678.10
135D3_8,105.71,0.00,1545.24,7.21,105.71,1750.86,1702.49,1548.29,1806.64,1250.14,1077.78,1077.78,1165.71,895.59,895.59,392.57,392.57,802.64,802.64,661.28,802.96,802.96,802.96,998.65,998.65,694.36,694.36,694.36,694.36,998.65,1094.44,538.61,998.65,1331.10,1331.10,1162.37,1162.37,1244.02,1244.02,1244.02,1244.02,1331.10,1331.10,1331.10,1404.56,1404.56,1401.46,1404.56,1408.23,1408.23,1120.87,1120.87,1120.87,1106.56,1106.56,1106.56,1284.26,1608.95,1579.82,1579.82,1559.98,1559.98,1374.45,1766.03,1766.03,1805.83,1895.59,1913.81,2026.03,2026.03,2049.24,1841.78,1841.78,1912.16,1912.16,1276.78,1276.78
135D6_8,751.92,687.34,0.00,653.43,751.92,1626.20,1577.83,1423.63,1681.98,644.55,472.19,472.19,560.11,1108.10,1108.10,796.16,796.16,1311.26,1311.26,815.92,945.35,945.35,945.35,1211.15,1211.15,836.76,836.76,836.76,836.76,1211.15,631.29,681.01,1211.15,1473.50,1473.50,1304.77,1304.77,1386.42,1386.42,1386.42,1386.42,1473.50,1473.50,1473.50,1546.96,1546.96,1543.86,1546.96,1550.63,1550.63,1629.49,1629.49,1629.49,1615.18,1615.18,1615.18,1426.65,1939.82,1877.51,1877.51,1702.37,1702.37,1516.85,1908.43,1908.43,1349.71,1657.24,1570.12,1682.35,1682.35,1705.55,1498.10,1498.10,1568.47,1568.47,1021.26,1021.26
135Stau1,98.49,33.91,1579.15,0.00,98.49,1784.77,1736.40,1582.20,1840.55,1284.05,1111.69,1111.69,1199.62,888.38,888.38,426.48,426.48,795.43,795.43,695.19,836.87,836.87,836.87,991.44,991.44,728.27,728.27,728.27,728.27,991.44,1128.35,572.52,991.44,1365.01,1365.01,1196.28,1196.28,1277.93,1277.93,1277.93,1277.93,1365.01,1365.01,1365.01,1438.47,1438.47,1435.38,1438.47,1442.14,1442.14,1113.66,1113.66,1113.66,1099.35,1099.35,1099.35,1318.17,1601.74,1572.60,1572.60,1593.89,1593.89,1408.36,1799.94,1799.94,1839.74,1929.50,1947.72,2059.94,2059.94,2083.15,1875.69,1875.69,1946.07,1946.07,1310.69,1310.69
135Stau5,0.00,401.32,1946.56,408.53,0.00,2152.18,2103.81,1949.61,2207.96,1651.46,1479.10,1479.10,1567.03,938.26,938.26,793.89,793.89,845.31,845.31,1062.60,1204.28,1204.28,1204.28,1041.32,1041.32,1074.84,1074.84,1074.84,1074.84,1041.32,1495.76,939.93,1041.32,1564.74,1564.74,1496.77,1496.77,1578.42,1578.42,1578.42,1578.42,1564.74,1564.74,1564.74,1738.96,1738.96,1494.38,1738.96,1742.63,1742.63,1163.54,1163.54,1163.54,1149.23,1149.23,1149.23,1618.65,1651.62,1622.48,1622.48,1681.91,1681.91,1521.39,1887.96,1887.96,2207.15,2296.91,2315.13,2427.35,2427.35,2450.56,2243.10,2243.10,2313.48,2313.48,1678.10,1678.10
145D1_9,1472.15,1407.57,1258.95,1373.66,1472.15,0.00,358.15,199.41,250.38,1110.18,937.82,937.82,1025.74,1593.01,1593.01,1516.39,1516.39,2031.49,2031.49,1063.44,1271.96,1271.96,1271.96,1696.06,1696.06,1321.67,1321.67,1321.67,1321.67,1696.06,1116.20,1165.92,1696.06,1958.41,1958.41,1789.68,1789.68,1871.33,1871.33,1871.33,1871.33,1958.41,1958.41,1958.41,2031.87,2031.87,2028.78,2031.87,2035.54,2035.54,2151.97,2151.97,2151.97,2137.66,2137.66,2137.66,1911.57,2424.73,2362.43,2362.43,2187.29,2187.29,2001.76,2393.34,2393.34,489.05,144.74,355.97,508.68,508.68,542.44,723.59,723.59,394.80,394.80,829.69,829.69
145D29_8,1666.08,1601.49,1475.98,1567.58,1666.08,452.08,0.00,282.81,507.86,950.87,1008.52,1008.52,920.60,1696.93,1696.93,1710.32,1710.32,2220.31,2220.31,1046.08,1254.60,1254.60,1254.60,1799.99,1799.99,1425.60,1425.60,1425.60,1425.60,1799.99,1289.08,1269.84,1799.99,2034.39,2034.39,1865.67,1865.67,1947.31,1947.31,1947.31,1947.31,2034.39,2034.39,2034.39,2107.85,2107.85,2104.76,2107.85,2111.52,2111.52,2227.95,2227.95,2227.95,2213.64,2213.64,2213.64,1987.55,2500.72,2438.41,2438.41,2263.27,2263.27,2077.74,2469.32,2469.32,768.43,596.81,808.04,960.75,960.75,994.52,1002.98,1002.98,846.88,846.88,1109.08,1109.08
145D2_8,1530.34,1465.75,1340.24,1431.84,1530.34,224.01,282.81,0.00,279.80,977.77,938.46,938.46,947.50,1514.88,1514.88,1553.33,1553.33,2038.26,2038.26,864.03,1072.55,1072.55,1072.55,1617.94,1617.94,1243.55,1243.55,1243.55,1243.55,1617.94,1107.03,1087.79,1617.94,1852.34,1852.34,1683.62,1683.62,1765.26,1765.26,1765.26,1765.26,1852.34,1852.34,1852.34,1925.80,1925.80,1922.71,1925.80,1929.47,1929.47,2045.90,2045.90,2045.90,2031.59,2031.59,2031.59,1805.50,2318.67,2256.36,2256.36,2081.22,2081.22,1895.69,2287.27,2287.27,547.23,366.32,577.55,730.26,730.26,764.03,781.78,781.78,616.39,616.39,887.88,887.88
145D37_8,1634.05,1569.46,1420.85,1535.55,1634.05,241.42,430.43,271.70,0.00,1249.47,1099.71,1099.71,1187.64,1754.90,1754.90,1678.29,1678.29,2193.39,2193.39,1135.73,1344.25,1344.25,1344.25,1857.96,1857.96,1483.57,1483.57,1483.57,1483.57,1857.96,1278.10,1327.82,1857.96,2120.31,2120.31,1951.58,1951.58,2033.23,2033.23,2033.23,2033.23,2120.31,2120.31,2120.31,2193.77,2193.77,2190.67,2193.77,2197.44,2197.44,2313.86,2313.86,2313.86,2299.55,2299.55,2299.55,2073.47,2586.63,2524.32,2524.32,2349.18,2349.18,2163.66,2555.24,2555.24,650.94,306.63,517.86,575.27,575.27,704.34,885.49,885.49,556.70,556.70,991.59,991.59
179D1_10,829.92,765.33,639.82,731.42,829.92,981.65,933.29,779.09,1037.44,0.00,172.36,172.36,84.43,950.77,950.77,874.16,874.16,1389.26,1389.26,658.60,788.03,788.03,788.03,1053.83,1053.83,679.44,679.44,679.44,679.44,1053.83,473.97,523.69,1053.83,1316.17,1316.17,1147.45,1147.45,1229.10,1229.10,1229.10,1229.10,1316.17,1316.17,1316.17,1389.64,1389.64,1386.54,1389.64,1393.31,1393.31,1509.73,1509.73,1509.73,1495.42,1495.42,1495.42,1269.33,1782.50,1720.19,1720.19,1545.05,1545.05,1359.53,1751.11,1751.11,705.16,1012.69,925.58,1037.80,1037.80,1061.01,853.55,853.55,923.93,923.93,376.71,376.71
179D2_10,657.56,592.97,467.46,559.06,657.56,1154.01,1105.65,951.45,1209.79,172.36,0.00,0.00,87.93,778.41,778.41,701.80,701.80,1216.90,1216.90,486.24,615.67,615.67,615.67,881.47,881.47,507.08,507.08,507.08,507.08,881.47,301.61,351.33,881.47,1143.82,1143.82,975.09,975.09,1056.74,1056.74,1056.74,1056.74,1143.82,1143.82,1143.82,1217.28,1217.28,1214.18,1217.28,1220.95,1220.95,1337.37,1337.37,1337.37,1323.06,1323.06,1323.06,1096.97,1610.14,1547.83,1547.83,1372.69,1372.69,1187.17,1578.75,1578.75,877.52,1185.05,1097.94,1210.16,1210.16,1233.37,1025.91,1025.91,1096.29,1096.29,549.07,549.07
179D3_10,657.56,592.97,467.46,559.06,657.56,1154.01,1105.65,951.45,1209.79,172.36,0.00,0.00,87.93,778.41,778.41,701.80,701.80,1216.90,1216.90,486.24,615.67,615.67,615.67,881.47,881.47,507.08,507.08,507.08,507.08,881.47,301.61,351.33,881.47,1143.82,1143.82,975.09,975.09,1056.74,1056.74,1056.74,1056.74,1143.82,1143.82,1143.82,1217.28,1217.28,1214.18,1217.28,1220.95,1220.95,1337.37,1337.37,1337.37,1323.06,1323.06,1323.06,1096.97,1610.14,1547.83,1547.83,1372.69,1372.69,1187.17,1578.75,1578.75,877.52,1185.05,1097.94,1210.16,1210.16,1233.37,1025.91,1025.91,1096.29,1096.29,549.07,549.07
179D5_8,745.48,680.90,555.38,646.99,745.48,1066.09,1017.72,863.52,1121.87,84.43,87.93,87.93,0.00,866.34,866.34,789.72,789.72,1304.83,1304.83,574.16,703.60,703.60,703.60,969.39,969.39,595.01,595.01,595.01,595.01,969.39,389.54,439.25,969.39,1231.74,1231.74,1063.02,1063.02,1144.67,1144.67,1144.67,1144.67,1231.74,1231.74,1231.74,1305.20,1305.20,1302.11,1305.20,1308.88,1308.88,1425.30,1425.30,1425.30,1410.99,1410.99,1410.99,1184.90,1698.07,1635.76,1635.76,1460.62,1460.62,1275.10,1666.67,1666.67,789.59,1097.13,1010.01,1122.24,1122.24,1145.44,937.98,937.98,1008.36,1008.36,461.14,461.14
560D2_8,1079.37,1014.79,1042.94,980.88,1079.37,1482.20,1433.84,1279.64,1537.99,747.84,575.48,575.48,663.41,0.00,0.00,1006.92,1006.92,959.23,959.23,392.63,270.71,270.71,270.71,103.05,103.05,136.57,136.57,136.57,136.57,103.05,562.20,541.39,103.05,773.31,773.31,604.58,604.58,686.23,686.23,686.23,686.23,773.31,773.31,773.31,846.77,846.77,843.68,846.77,850.44,850.44,966.87,966.87,966.87,952.56,952.56,952.56,726.47,1239.63,1177.33,1177.33,1002.19,1002.19,816.66,1208.24,1208.24,1340.90,1468.68,1381.56,1493.79,1493.79,1516.99,1309.54,1309.54,1379.91,1379.91,744.54,744.54
560D2_9,1079.37,1014.79,1042.94,980.88,1079.37,1482.20,1433.84,1279.64,1537.99,747.84,575.48,575.48,663.41,0.00,0.00,1006.92,1006.92,959.23,959.23,392.63,270.71,270.71,270.71,103.05,103.05,136.57,136.57,136.57,136.57,103.05,562.20,541.39,103.05,773.31,773.31,604.58,604.58,686.23,686.23,686.23,686.23,773.31,773.31,773.31,846.77,846.77,843.68,846.77,850.44,850.44,966.87,966.87,966.87,952.56,952.56,952.56,726.47,1239.63,1177.33,1177.33,1002.19,1002.19,816.66,1208.24,1208.24,1340.90,1468.68,1381.56,1493.79,1493.79,1516.99,1309.54,1309.54,1379.91,1379.91,744.54,744.54
560SD2,473.54,367.84,1623.06,375.05,473.54,1828.68,1780.32,1626.11,1884.46,1327.96,1155.60,1155.60,1243.53,608.06,608.06,0.00,0.00,515.10,515.10,739.10,878.77,878.77,878.77,711.11,711.11,744.63,744.63,744.63,744.63,711.11,1170.25,616.43,711.11,1234.54,1234.54,1166.56,1166.56,1248.21,1248.21,1248.21,1248.21,1234.54,1234.54,1234.54,1408.75,1408.75,1164.17,1408.75,1412.42,1412.42,833.33,833.33,833.33,819.02,819.02,819.02,1288.45,1321.41,1292.28,1292.28,1351.70,1351.70,1191.18,1557.75,1557.75,1883.65,1973.41,1989.62,2101.84,2101.84,2125.05,1917.59,1917.59,1987.97,1987.97,1352.59,1352.59
560SD2_1,473.54,367.84,1623.06,375.05,473.54,1828.68,1780.32,1626.11,1884.46,1327.96,1155.60,1155.60,1243.53,608.06,608.06,0.00,0.00,515.10,515.10,739.10,878.77,878.77,878.77,711.11,711.11,744.63,744.63,744.63,744.63,711.11,1170.25,616.43,711.11,1234.54,1234.54,1166.56,1166.56,1248.21,1248.21,1248.21,1248.21,1234.54,1234.54,1234.54,1408.75,1408.75,1164.17,1408.75,1412.42,1412.42,833.33,833.33,833.33,819.02,819.02,819.02,1288.45,1321.41,1292.28,1292.28,1351.70,1351.70,1191.18,1557.75,1557.75,1883.65,1973.41,1989.62,2101.84,2101.84,2125.05,1917.59,1917.59,1987.97,1987.97,1352.59,1352.59
560SD2_4,636.91,531.20,1135.89,538.41,636.91,1575.15,1526.79,1372.59,1630.94,840.79,668.43,668.43,756.36,92.95,92.95,163.36,163.36,0.00,0.00,485.58,363.66,363.66,363.66,196.01,196.01,229.53,229.53,229.53,229.53,196.01,655.15,634.34,196.01,866.26,866.26,697.54,697.54,779.18,779.18,779.18,779.18,866.26,866.26,866.26,939.72,939.72,936.63,939.72,943.39,943.39,996.70,996.70,996.70,982.39,982.39,982.39,819.42,1332.59,1270.28,1270.28,1095.14,1095.14,909.61,1301.19,1301.19,1433.85,1561.63,1474.51,1586.74,1586.74,1609.95,1402.49,1402.49,1472.86,1472.86,837.49,837.49
560SD2_5,636.91,531.20,1135.89,538.41,636.91,1575.15,1526.79,1372.59,1630.94,840.79,668.43,668.43,756.36,92.95,92.95,163.36,163.36,0.00,0.00,485.58,363.66,363.66,363.66,196.01,196.01,229.53,229.53,229.53,229.53,196.01,655.15,634.34,196.01,866.26,866.26,697.54,697.54,779.18,779.18,779.18,779.18,866.26,866.26,866.26,939.72,939.72,936.63,939.72,943.39,943.39,996.70,996.70,996.70,982.39,982.39,982.39,819.42,1332.59,1270.28,1270.28,1095.14,1095.14,909.61,1301.19,1301.19,1433.85,1561.63,1474.51,1586.74,1586.74,1609.95,1402.49,1402.49,1472.86,1472.86,837.49,837.49
561D4_8,761.75,697.16,883.96,663.25,761.75,1089.58,1041.21,887.01,1145.36,588.86,416.50,416.50,504.43,650.85,650.85,689.30,689.30,1202.17,1202.17,0.00,281.90,281.90,281.90,753.91,753.91,379.52,379.52,379.52,379.52,753.91,585.07,223.77,753.91,1016.25,1016.25,847.53,847.53,929.18,929.18,929.18,929.18,1016.25,1016.25,1016.25,1089.72,1089.72,1086.62,1089.72,1093.39,1093.39,1209.81,1209.81,1209.81,1195.50,1195.50,1195.50,969.41,1482.58,1420.27,1420.27,1245.13,1245.13,1059.61,1451.19,1451.19,1144.55,1234.31,1404.43,1516.66,1516.66,1539.86,1332.41,1332.41,1402.78,1402.78,767.41,767.41
563D33_8,883.66,819.08,1005.88,785.17,883.66,1211.49,1163.13,1008.93,1267.28,710.78,538.42,538.42,626.34,772.77,772.77,811.21,811.21,1324.09,1324.09,121.92,0.00,0.00,0.00,875.82,875.82,501.44,501.44,501.44,501.44,875.82,706.98,345.68,875.82,1138.17,1138.17,969.45,969.45,1051.10,1051.10,1051.10,1051.10,1138.17,1138.17,1138.17,1211.63,1211.63,1208.54,1211.63,1215.31,1215.31,1331.73,1331.73,1331.73,1317.42,1317.42,1317.42,1091.33,1604.50,1542.19,1542.19,1367.05,1367.05,1181.53,1573.10,1573.10,1266.46,1356.23,1526.35,1638.57,1638.57,1661.78,1454.32,1454.32,1524.70,1524.70,889.32,889.32
563D34_8,883.66,819.08,1005.88,785.17,883.66,1211.49,1163.13,1008.93,1267.28,710.78,538.42,538.42,626.34,772.77,772.77,811.21,811.21,1324.09,1324.09,121.92,0.00,0.00,0.00,875.82,875.82,501.44,501.44,501.44,501.44,875.82,706.98,345.68,875.82,1138.17,1138.17,969.45,969.45,1051.10,1051.10,1051.10,1051.10,1138.17,1138.17,1138.17,1211.63,1211.63,1208.54,1211.63,1215.31,1215.31,1331.73,1331.73,1331.73,1317.42,1317.42,1317.42,1091.33,1604.50,1542.19,1542.19,1367.05,1367.05,1181.53,1573.10,1573.10,1266.46,1356.23,1526.35,1638.57,1638.57,1661.78,1454.32,1454.32,1524.70,1524.70,889.32,889.32
563D34_9,883.66,819.08,1005.88,785.17,883.66,1211.49,1163.13,1008.93,1267.28,710.78,538.42,538.42,626.34,772.77,772.77,811.21,811.21,1324.09,1324.09,121.92,0.00,0.00,0.00,875.82,875.82,501.44,501.44,501.44,501.44,875.82,706.98,345.68,875.82,1138.17,1138.17,969.45,969.45,1051.10,1051.10,1051.10,1051.10,1138.17,1138.17,1138.17,1211.63,1211.63,1208.54,1211.63,1215.31,1215.31,1331.73,1331.73,1331.73,1317.42,1317.42,1317.42,1091.33,1604.50,1542.19,1542.19,1367.05,1367.05,1181.53,1573.10,1573.10,1266.46,1356.23,1526.35,1638.57,1638.57,1661.78,1454.32,1454.32,1524.70,1524.70,889.32,889.32
563D4_8,976.32,911.73,939.88,877.82,976.32,1379.15,1330.79,1176.58,1434.93,644.78,472.43,472.43,560.35,304.85,304.85,903.87,903.87,856.17,856.17,289.57,167.66,167.66,167.66,0.00,0.00,33.52,33.52,33.52,33.52,0.00,459.14,438.34,0.00,670.25,670.25,501.53,501.53,583.18,583.18,583.18,583.18,670.25,670.25,670.25,743.72,743.72,740.62,743.72,747.39,747.39,863.81,863.81,863.81,849.50,849.50,849.50,623.41,1136.58,1074.27,1074.27,899.13,899.13,713.61,1105.18,1105.18,1237.84,1365.62,1278.51,1390.73,1390.73,1413.94,1206.48,1206.48,1276.86,1276.86,641.48,641.48
563D4_9,976.32,911.73,939.88,877.82,976.32,1379.15,1330.79,1176.58,1434.93,644.78,472.43,472.43,560.35,304.85,304.85,903.87,903.87,856.17,856.17,289.57,167.66,167.66,167.66,0.00,0.00,33.52,33.52,33.52,33.52,0.00,459.14,438.34,0.00,670.25,670.25,501.53,501.53,583.18,583.18,583.18,583.18,670.25,670.25,670.25,743.72,743.72,740.62,743.72,747.39,747.39,863.81,863.81,863.81,849.50,849.50,849.50,623.41,1136.58,1074.27,1074.27,899.13,899.13,713.61,1105.18,1105.18,1237.84,1365.62,1278.51,1390.73,1390.73,1413.94,1206.48,1206.48,1276.86,1276.86,641.48,641.48
563D6_8,1227.00,1162.41,1138.37,1128.50,1227.00,1629.83,1581.46,1427.26,1685.61,843.27,670.91,670.91,758.84,271.33,271.33,986.02,986.02,822.65,822.65,540.25,418.33,418.33,418.33,374.39,374.39,0.00,0.00,0.00,0.00,374.39,657.63,689.02,374.39,636.73,636.73,468.01,468.01,549.66,549.66,549.66,549.66,636.73,636.73,636.73,710.20,710.20,707.10,710.20,713.87,713.87,830.29,830.29,830.29,815.98,815.98,815.98,589.89,1103.06,1040.75,1040.75,865.61,865.61,680.09,1071.66,1071.66,1436.33,1564.11,1476.99,1589.22,1589.22,1612.42,1404.97,1404.97,1475.34,1475.34,839.97,839.97
563D6_9,1227.00,1162.41,1138.37,1128.50,1227.00,1629.83,1581.46,1427.26,1685.61,843.27,670.91,670.91,758.84,271.33,271.33,986.02,986.02,822.65,822.65,540.25,418.33,418.33,418.33,374.39,374.39,0.00,0.00,0.00,0.00,374.39,657.63,689.02,374.39,636.73,636.73,468.01,468.01,549.66,549.66,549.66,549.66,636.73,636.73,636.73,710.20,710.20,707.10,710.20,713.87,713.87,830.29,830.29,830.29,815.98,815.98,815.98,589.89,1103.06,1040.75,1040.75,865.61,865.61,680.09,1071.66,1071.66,1436.33,1564.11,1476.99,1589.22,1589.22,1612.42,1404.97,1404.97,1475.34,1475.34,839.97,839.97
563Stau2,1227.00,1162.41,1138.37,1128.50,1227.00,1629.83,1581.46,1427.26,1685.61,843.27,670.91,670.91,758.84,271.33,271.33,986.02,986.02,822.65,822.65,540.25,418.33,418.33,418.33,374.39,374.39,0.00,0.00,0.00,0.00,374.39,657.63,689.02,374.39,636.73,636.73,468.01,468.01,549.66,549.66,549.66,549.66,636.73,636.73,636.73,710.20,710.20,707.10,710.20,713.87,713.87,830.29,830.29,830.29,815.98,815.98,815.98,589.89,1103.06,1040.75,1040.75,865.61,865.61,680.09,1071.66,1071.66,1436.33,1564.11,1476.99,1589.22,1589.22,1612.42,1404.97,1404.97,1475.34,1475.34,839.97,839.97
563Stau2_1,1227.00,1162.41,1138.37,1128.50,1227.00,1629.83,1581.46,1427.26,1685.61,843.27,670.91,670.91,758.84,271.33,271.33,986.02,986.02,822.65,822.65,540.25,418.33,418.33,418.33,374.39,374.39,0.00,0.00,0.00,0.00,374.39,657.63,689.02,374.39,636.73,636.73,468.01,468.01,549.66,549.66,549.66,549.66,636.73,636.73,636.73,710.20,710.20,707.10,710.20,713.87,713.87,830.29,830.29,830.29,815.98,815.98,815.98,589.89,1103.06,1040.75,1040.75,865.61,865.61,680.09,1071.66,1071.66,1436.33,1564.11,1476.99,1589.22,1589.22,1612.42,1404.97,1404.97,1475.34,1475.34,839.97,839.97
563Stau3,976.32,911.73,939.88,877.82,976.32,1379.15,1330.79,1176.58,1434.93,644.78,472.43,472.43,560.35,304.85,304.85,903.87,903.87,856.17,856.17,289.57,167.66,167.66,167.66,0.00,0.00,33.52,33.52,33.52,33.52,0.00,459.14,438.34,0.00,670.25,670.25,501.53,501.53,583.18,583.18,583.18,583.18,670.25,670.25,670.25,743.72,743.72,740.62,743.72,747.39,747.39,863.81,863.81,863.81,849.50,849.50,849.50,623.41,1136.58,1074.27,1074.27,899.13,899.13,713.61,1105.18,1105.18,1237.84,1365.62,1278.51,1390.73,1390.73,1413.94,1206.48,1206.48,1276.86,1276.86,641.48,641.48
563Stau34,751.39,686.81,1068.59,652.90,751.39,1274.21,1225.84,1071.64,1329.99,773.49,601.13,601.13,689.06,476.81,476.81,515.25,515.25,1028.13,1028.13,184.63,314.06,314.06,314.06,579.86,579.86,205.47,205.47,205.47,205.47,579.86,0.00,49.72,579.86,842.21,842.21,673.48,673.48,755.13,755.13,755.13,755.13,842.21,842.21,842.21,915.67,915.67,912.57,915.67,919.34,919.34,1035.76,1035.76,1035.76,1021.45,1021.45,1021.45,795.36,1308.53,1246.22,1246.22,1071.09,1071.09,885.56,1277.14,1277.14,1329.18,1418.94,1424.91,1537.14,1537.14,1560.35,1352.89,1352.89,1423.27,1423.27,787.89,787.89
563Stau35,939.07,833.37,1036.57,840.58,939.07,1475.84,1427.47,1273.27,1531.62,741.47,569.12,569.12,657.04,427.09,427.09,465.53,465.53,978.41,978.41,386.26,264.35,264.35,264.35,530.14,530.14,155.75,155.75,155.75,155.75,530.14,555.83,0.00,530.14,792.49,792.49,623.76,623.76,705.41,705.41,705.41,705.41,792.49,792.49,792.49,865.95,865.95,862.86,865.95,869.62,869.62,986.04,986.04,986.04,971.74,971.74,971.74,745.65,1258.81,1196.51,1196.51,1021.37,1021.37,835.84,1227.42,1227.42,1334.53,1462.31,1375.20,1487.42,1487.42,1510.63,1303.17,1303.17,1373.55,1373.55,738.17,738.17
563Stau3_1,976.32,911.73,939.88,877.82,976.32,1379.15,1330.79,1176.58,1434.93,644.78,472.43,472.43,560.35,304.85,304.85,903.87,903.87,856.17,856.17,289.57,167.66,167.66,167.66,0.00,0.00,33.52,33.52,33.52,33.52,0.00,459.14,438.34,0.00,670.25,670.25,501.53,501.53,583.18,583.18,583.18,583.18,670.25,670.25,670.25,743.72,743.72,740.62,743.72,747.39,747.39,863.81,863.81,863.81,849.50,849.50,849.50,623.41,1136.58,1074.27,1074.27,899.13,899.13,713.61,1105.18,1105.18,1237.84,1365.62,1278.51,1390.73,1390.73,1413.94,1206.48,1206.48,1276.86,1276.86,641.48,641.48
566D1_8,1393.01,1287.30,1569.33,1294.52,1393.01,2011.43,1963.07,1808.86,2067.21,1274.23,1101.87,1101.87,1189.80,1035.35,1035.35,1105.76,1105.76,942.40,942.40,921.85,799.94,799.94,799.94,1138.41,1138.41,1171.93,1171.93,1171.93,1171.93,1138.41,1088.59,1070.62,1138.41,0.00,0.00,168.72,168.72,250.37,250.37,250.37,250.37,0.00,0.00,0.00,292.82,292.82,70.37,292.82,312.78,312.78,429.20,429.20,429.20,414.89,414.89,414.89,465.70,466.32,404.02,404.02,228.88,228.88,43.35,434.93,434.93,1867.29,1995.07,1907.96,2020.18,2020.18,2043.39,1835.93,1835.93,1906.31,1906.31,1270.93,1270.93
566D1_9,1393.01,1287.30,1569.33,1294.52,1393.01,2011.43,1963.07,1808.86,2067.21,1274.23,1101.87,1101.87,1189.80,1035.35,1035.35,1105.76,1105.76,942.40,942.40,921.85,799.94,799.94,799.94,1138.41,1138.41,1171.93,1171.93,1171.93,1171.93,1138.41,1088.59,1070.62,1138.41,0.00,0.00,168.72,168.72,250.37,250.37,250.37,250.37,0.00,0.00,0.00,292.82,292.82,70.37,292.82,312.78,312.78,429.20,429.20,429.20,414.89,414.89,414.89,465.70,466.32,404.02,404.02,228.88,228.88,43.35,434.93,434.93,1867.29,1995.07,1907.96,2020.18,2020.18,2043.39,1835.93,1835.93,1906.31,1906.31,1270.93,1270.93
566D5_8,1326.09,1220.39,1400.61,1227.60,1326.09,1842.70,1794.34,1640.14,1898.49,1105.51,933.15,933.15,1021.08,968.43,968.43,1038.85,1038.85,875.48,875.48,753.13,631.21,631.21,631.21,1071.49,1071.49,1057.65,1057.65,1057.65,1057.65,1071.49,919.87,901.89,1071.49,168.72,168.72,0.00,0.00,81.65,81.65,81.65,81.65,168.72,168.72,168.72,242.19,242.19,239.09,242.19,245.86,245.86,362.28,362.28,362.28,347.97,347.97,347.97,398.78,635.05,572.74,572.74,397.60,397.60,212.08,603.65,603.65,1698.57,1826.35,1739.23,1851.46,1851.46,1874.66,1667.21,1667.21,1737.58,1737.58,1102.21,1102.21
566D5_9,1326.09,1220.39,1400.61,1227.60,1326.09,1842.70,1794.34,1640.14,1898.49,1105.51,933.15,933.15,1021.08,968.43,968.43,1038.85,1038.85,875.48,875.48,753.13,631.21,631.21,631.21,1071.49,1071.49,1057.65,1057.65,1057.65,1057.65,1071.49,919.87,901.89,1071.49,168.72,168.72,0.00,0.00,81.65,81.65,81.65,81.65,168.72,168.72,168.72,242.19,242.19,239.09,242.19,245.86,245.86,362.28,362.28,362.28,347.97,347.97,347.97,398.78,635.05,572.74,572.74,397.60,397.60,212.08,603.65,603.65,1698.57,1826.35,1739.23,1851.46,1851.46,1874.66,1667.21,1667.21,1737.58,1737.58,1102.21,1102.21
566D6_8,1244.44,1138.74,1880.33,1145.95,1244.44,2322.43,2274.07,2119.86,2378.22,1585.23,1412.88,1412.88,1500.80,886.79,886.79,957.20,957.20,793.83,793.83,1232.86,1110.94,1110.94,1110.94,989.84,989.84,1023.36,1023.36,1023.36,1023.36,989.84,1399.59,1381.62,989.84,331.66,331.66,500.38,500.38,0.00,0.00,0.00,0.00,331.66,331.66,331.66,160.54,160.54,315.32,160.54,164.21,164.21,280.63,280.63,280.63,266.32,266.32,266.32,317.13,711.27,648.97,648.97,473.83,473.83,288.30,679.88,679.88,2178.29,2306.08,2218.96,2331.18,2331.18,2354.39,2146.93,2146.93,2217.31,2217.31,1581.93,1581.93
566D6_9,1244.44,1138.74,1880.33,1145.95,1244.44,2322.43,2274.07,2119.86,2378.22,1585.23,1412.88,1412.88,1500.80,886.79,886.79,957.20,957.20,793.83,793.83,1232.86,1110.94,1110.94,1110.94,989.84,989.84,1023.36,1023.36,1023.36,1023.36,989.84,1399.59,1381.62,989.84,331.66,331.66,500.38,500.38,0.00,0.00,0.00,0.00,331.66,331.66,331.66,160.54,160.54,315.32,160.54,164.21,164.21,280.63,280.63,280.63,266.32,266.32,266.32,317.13,711.27,648.97,648.97,473.83,473.83,288.30,679.88,679.88,2178.29,2306.08,2218.96,2331.18,2331.18,2354.39,2146.93,2146.93,2217.31,2217.31,1581.93,1581.93
566D7_8,1244.44,1138.74,1880.33,1145.95,1244.44,2322.43,2274.07,2119.86,2378.22,1585.23,1412.88,1412.88,1500.80,886.79,886.79,957.20,957.20,793.83,793.83,1232.86,1110.94,1110.94,1110.94,989.84,989.84,1023.36,1023.36,1023.36,1023.36,989.84,1399.59,1381.62,989.84,331.66,331.66,500.38,500.38,0.00,0.00,0.00,0.00,331.66,331.66,331.66,160.54,160.54,315.32,160.54,164.21,164.21,280.63,280.63,280.63,266.32,266.32,266.32,317.13,711.27,648.97,648.97,473.83,473.83,288.30,679.88,679.88,2178.29,2306.08,2218.96,2331.18,2331.18,2354.39,2146.93,2146.93,2217.31,2217.31,1581.93,1581.93
566D8_8,1244.44,1138.74,1880.33,1145.95,1244.44,2322.43,2274.07,2119.86,2378.22,1585.23,1412.88,1412.88,1500.80,886.79,886.79,957.20,957.20,793.83,793.83,1232.86,1110.94,1110.94,1110.94,989.84,989.84,1023.36,1023.36,1023.36,1023.36,989.84,1399.59,1381.62,989.84,331.66,331.66,500.38,500.38,0.00,0.00,0.00,0.00,331.66,331.66,331.66,160.54,160.54,315.32,160.54,164.21,164.21,280.63,280.63,280.63,266.32,266.32,266.32,317.13,711.27,648.97,648.97,473.83,473.83,288.30,679.88,679.88,2178.29,2306.08,2218.96,2331.18,2331.18,2354.39,2146.93,2146.93,2217.31,2217.31,1581.93,1581.93
567D10_8,1393.01,1287.30,1569.33,1294.52,1393.01,2011.43,1963.07,1808.86,2067.21,1274.23,1101.87,1101.87,1189.80,1035.35,1035.35,1105.76,1105.76,942.40,942.40,921.85,799.94,799.94,799.94,1138.41,1138.41,1171.93,1171.93,1171.93,1171.93,1138.41,1088.59,1070.62,1138.41,0.00,0.00,168.72,168.72,250.37,250.37,250.37,250.37,0.00,0.00,0.00,292.82,292.82,70.37,292.82,312.78,312.78,429.20,429.20,429.20,414.89,414.89,414.89,465.70,466.32,404.02,404.02,228.88,228.88,43.35,434.93,434.93,1867.29,1995.07,1907.96,2020.18,2020.18,2043.39,1835.93,1835.93,1906.31,1906.31,1270.93,1270.93
567D10_9,1393.01,1287.30,1569.33,1294.52,1393.01,2011.43,1963.07,1808.86,2067.21,1274.23,1101.87,1101.87,1189.80,1035.35,1035.35,1105.76,1105.76,942.40,942.40,921.85,799.94,799.94,799.94,1138.41,1138.41,1171.93,1171.93,1171.93,1171.93,1138.41,1088.59,1070.62,1138.41,0.00,0.00,168.72,168.72,250.37,250.37,250.37,250.37,0.00,0.00,0.00,292.82,292.82,70.37,292.82,312.78,312.78,429.20,429.20,429.20,414.89,414.89,414.89,465.70,466.32,404.02,404.02,228.88,228.88,43.35,434.93,434.93,1867.29,1995.07,1907.96,2020.18,2020.18,2043.39,1835.93,1835.93,1906.31,1906.31,1270.93,1270.93
567D11_8,1393.01,1287.30,1569.33,1294.52,1393.01,2011.43,1963.07,1808.86,2067.21,1274.23,1101.87,1101.87,1189.80,1035.35,1035.35,1105.76,1105.76,942.40,942.40,921.85,799.94,799.94,799.94,1138.41,1138.41,1171.93,1171.93,1171.93,1171.93,1138.41,1088.59,1070.62,1138.41,0.00,0.00,168.72,168.72,250.37,250.37,250.37,250.37,0.00,0.00,0.00,292.82,292.82,70.37,292.82,312.78,312.78,429.20,429.20,429.20,414.89,414.89,414.89,465.70,466.32,404.02,404.02,228.88,228.88,43.35,434.93,434.93,1867.29,1995.07,1907.96,2020.18,2020.18,2043.39,1835.93,1835.93,1906.31,1906.31,1270.93,1270.93
567D1_8,1506.40,1400.69,1740.45,1407.91,1506.40,2182.55,2134.18,1979.98,2238.33,1445.35,1272.99,1272.99,1360.92,1148.74,1148.74,1219.15,1219.15,1055.79,1055.79,1092.97,971.05,971.05,971.05,1251.80,1251.80,1285.32,1285.32,1285.32,1285.32,1251.80,1259.71,1241.74,1251.80,171.12,171.12,339.84,339.84,421.49,421.49,421.49,421.49,171.12,171.12,171.12,0.00,0.00,154.78,0.00,426.17,426.17,542.59,542.59,542.59,528.28,528.28,528.28,579.09,550.73,488.43,488.43,313.29,313.29,127.76,519.34,519.34,2038.41,2166.19,2079.07,2191.30,2191.30,2214.51,2007.05,2007.05,2077.42,2077.42,1442.05,1442.05
567D1_9,1506.40,1400.69,1740.45,1407.91,1506.40,2182.55,2134.18,1979.98,2238.33,1445.35,1272.99,1272.99,1360.92,1148.74,1148.74,1219.15,1219.15,1055.79,1055.79,1092.97,971.05,971.05,971.05,1251.80,1251.80,1285.32,1285.32,1285.32,1285.32,1251.80,1259.71,1241.74,1251.80,171.12,171.12,339.84,339.84,421.49,421.49,421.49,421.49,171.12,171.12,171.12,0.00,0.00,154.78,0.00,426.17,426.17,542.59,542.59,542.59,528.28,528.28,528.28,579.09,550.73,488.43,488.43,313.29,313.29,127.76,519.34,519.34,2038.41,2166.19,2079.07,2191.30,2191.30,2214.51,2007.05,2007.05,2077.42,2077.42,1442.05,1442.05
567D4_8,1405.65,1299.94,1639.70,1307.15,1405.65,2081.80,2033.43,1879.23,2137.58,1344.60,1172.24,1172.24,1260.17,1047.99,1047.99,1118.40,1118.40,955.04,955.04,992.22,870.30,870.30,870.30,1151.04,1151.04,1184.56,1184.56,1184.56,1184.56,1151.04,1158.96,1140.98,1151.04,70.37,70.37,239.09,239.09,320.74,320.74,320.74,320.74,70.37,70.37,70.37,305.46,305.46,0.00,305.46,325.42,325.42,441.84,441.84,441.84,427.53,427.53,427.53,478.34,395.96,362.67,362.67,187.53,187.53,27.01,393.58,393.58,1937.66,2065.44,1978.32,2090.55,2090.55,2113.75,1906.30,1906.30,1976.67,1976.67,1341.30,1341.30
568D2_8,1506.40,1400.69,1740.45,1407.91,1506.40,2182.55,2134.18,1979.98,2238.33,1445.35,1272.99,1272.99,1360.92,1148.74,1148.74,1219.15,1219.15,1055.79,1055.79,1092.97,971.05,971.05,971.05,1251.80,1251.80,1285.32,1285.32,1285.32,1285.32,1251.80,1259.71,1241.74,1251.80,171.12,171.12,339.84,339.84,421.49,421.49,421.49,421.49,171.12,171.12,171.12,0.00,0.00,154.78,0.00,426.17,426.17,542.59,542.59,542.59,528.28,528.28,528.28,579.09,550.73,488.43,488.43,313.29,313.29,127.76,519.34,519.34,2038.41,2166.19,2079.07,2191.30,2191.30,2214.51,2007.05,2007.05,2077.42,2077.42,1442.05,1442.05
568D3_8,1080.23,974.53,1716.12,981.74,1080.23,2158.22,2109.86,1955.65,2214.01,1421.03,1248.67,1248.67,1336.59,722.58,722.58,792.99,792.99,629.62,629.62,1068.64,946.73,946.73,946.73,825.63,825.63,859.15,859.15,859.15,859.15,825.63,1235.38,1217.41,825.63,517.63,517.63,686.35,686.35,768.00,768.00,768.00,768.00,517.63,517.63,517.63,752.72,752.72,447.26,752.72,0.00,0.00,116.42,116.42,116.42,102.11,102.11,102.11,152.92,604.50,575.37,575.37,634.79,634.79,474.27,840.85,840.85,2014.08,2141.86,2054.75,2166.97,2166.97,2190.18,1982.72,1982.72,2053.10,2053.10,1417.72,1417.72
568D4_8,1080.23,974.53,1716.12,981.74,1080.23,2158.22,2109.86,1955.65,2214.01,1421.03,1248.67,1248.67,1336.59,722.58,722.58,792.99,792.99,629.62,629.62,1068.64,946.73,946.73,946.73,825.63,825.63,859.15,859.15,859.15,859.15,825.63,1235.38,1217.41,825.63,517.63,517.63,686.35,686.35,768.00,768.00,768.00,768.00,517.63,517.63,517.63,752.72,752.72,447.26,752.72,0.00,0.00,116.42,116.42,116.42,102.11,102.11,102.11,152.92,604.50,575.37,575.37,634.79,634.79,474.27,840.85,840.85,2014.08,2141.86,2054.75,2166.97,2166.97,2190.18,1982.72,1982.72,2053.10,2053.10,1417.72,1417.72
569D1_8,1430.24,1324.54,2164.23,1331.75,1430.24,2603.50,2555.13,2400.93,2659.28,1869.13,1696.77,1696.77,1784.70,1121.29,1121.29,1191.70,1191.70,1028.34,1028.34,1513.92,1392.00,1392.00,1392.00,1224.35,1224.35,1257.87,1257.87,1257.87,1257.87,1224.35,1683.49,1662.68,1224.35,874.96,874.96,1043.68,1043.68,1125.33,1125.33,1125.33,1125.33,874.96,874.96,874.96,1110.05,1110.05,804.59,1110.05,1130.00,1130.00,0.00,0.00,0.00,913.63,913.63,913.63,1282.93,575.92,546.78,546.78,992.12,992.12,831.60,1198.17,1198.17,2462.19,2589.97,2502.86,2615.08,2615.08,2638.29,2430.83,2430.83,2501.21,2501.21,1865.83,1865.83
569D2_8,1430.24,1324.54,2164.23,1331.75,1430.24,2603.50,2555.13,2400.93,2659.28,1869.13,1696.77,1696.77,1784.70,1121.29,1121.29,1191.70,1191.70,1028.34,1028.34,1513.92,1392.00,1392.00,1392.00,1224.35,1224.35,1257.87,1257.87,1257.87,1257.87,1224.35,1683.49,1662.68,1224.35,874.96,874.96,1043.68,1043.68,1125.33,1125.33,1125.33,1125.33,874.96,874.96,874.96,1110.05,1110.05,804.59,1110.05,1130.00,1130.00,0.00,0.00,0.00,913.63,913.63,913.63,1282.93,575.92,546.78,546.78,992.12,992.12,831.60,1198.17,1198.17,2462.19,2589.97,2502.86,2615.08,2615.08,2638.29,2430.83,2430.83,2501.21,2501.21,1865.83,1865.83
569D3_8,1430.24,1324.54,2164.23,1331.75,1430.24,2603.50,2555.13,2400.93,2659.28,1869.13,1696.77,1696.77,1784.70,1121.29,1121.29,1191.70,1191.70,1028.34,1028.34,1513.92,1392.00,1392.00,1392.00,1224.35,1224.35,1257.87,1257.87,1257.87,1257.87,1224.35,1683.49,1662.68,1224.35,874.96,874.96,1043.68,1043.68,1125.33,1125.33,1125.33,1125.33,874.96,874.96,874.96,1110.05,1110.05,804.59,1110.05,1130.00,1130.00,0.00,0.00,0.00,913.63,913.63,913.63,1282.93,575.92,546.78,546.78,992.12,992.12,831.60,1198.17,1198.17,2462.19,2589.97,2502.86,2615.08,2615.08,2638.29,2430.83,2430.83,2501.21,2501.21,1865.83,1865.83
569D4_8,1687.92,1582.21,1984.85,1589.42,1687.92,2426.94,2378.58,2224.38,2482.73,1689.75,1517.39,1517.39,1605.31,1378.97,1378.97,1449.38,1449.38,1286.02,1286.02,1337.37,1215.45,1215.45,1215.45,1482.02,1482.02,1515.54,1515.54,1515.54,1515.54,1482.02,1504.11,1486.13,1482.02,415.51,415.51,584.24,584.24,665.89,665.89,665.89,665.89,415.51,415.51,415.51,650.61,650.61,345.15,650.61,670.56,670.56,383.62,383.62,383.62,0.00,0.00,0.00,823.49,502.39,473.25,473.25,532.68,532.68,372.16,738.73,738.73,2282.80,2410.59,2323.47,2435.70,2435.70,2458.90,2251.44,2251.44,2321.82,2321.82,1686.44,1686.44
569D5_8,1687.92,1582.21,1984.85,1589.42,1687.92,2426.94,2378.58,2224.38,2482.73,1689.75,1517.39,1517.39,1605.31,1378.97,1378.97,1449.38,1449.38,1286.02,1286.02,1337.37,1215.45,1215.45,1215.45,1482.02,1482.02,1515.54,1515.54,1515.54,1515.54,1482.02,1504.11,1486.13,1482.02,415.51,415.51,584.24,584.24,665.89,665.89,665.89,665.89,415.51,415.51,415.51,650.61,650.61,345.15,650.61,670.56,670.56,383.62,383.62,383.62,0.00,0.00,0.00,823.49,502.39,473.25,473.25,532.68,532.68,372.16,738.73,738.73,2282.80,2410.59,2323.47,2435.70,2435.70,2458.90,2251.44,2251.44,2321.82,2321.82,1686.44,1686.44
569D6_8,1687.92,1582.21,1984.85,1589.42,1687.92,2426.94,2378.58,2224.38,2482.73,1689.75,1517.39,1517.39,1605.31,1378.97,1378.97,1449.38,1449.38,1286.02,1286.02,1337.37,1215.45,1215.45,1215.45,1482.02,1482.02,1515.54,1515.54,1515.54,1515.54,1482.02,1504.11,1486.13,1482.02,415.51,415.51,584.24,584.24,665.89,665.89,665.89,665.89,415.51,415.51,415.51,650.61,650.61,345.15,650.61,670.56,670.56,383.62,383.62,383.62,0.00,0.00,0.00,823.49,502.39,473.25,473.25,532.68,532.68,372.16,738.73,738.73,2282.80,2410.59,2323.47,2435.70,2435.70,2458.90,2251.44,2251.44,2321.82,2321.82,1686.44,1686.44
569D9_8,927.31,821.60,1563.20,828.82,927.31,2005.30,1956.93,1802.73,2061.08,1268.10,1095.74,1095.74,1183.67,569.65,569.65,640.06,640.06,476.70,476.70,915.72,793.80,793.80,793.80,672.71,672.71,706.23,706.23,706.23,706.23,672.71,1082.46,1064.49,672.71,928.79,928.79,843.48,843.48,925.13,925.13,925.13,925.13,928.79,928.79,928.79,1085.67,1085.67,858.43,1085.67,1089.34,1089.34,527.59,527.59,527.59,513.28,513.28,513.28,0.00,1015.67,986.53,986.53,1045.96,1045.96,885.44,1252.01,1252.01,1861.16,1988.94,1901.82,2014.05,2014.05,2037.26,1829.80,1829.80,1900.17,1900.17,1264.80,1264.80
571D18_8,1797.31,1691.61,2031.36,1698.82,1797.31,2473.46,2425.09,2270.89,2529.24,1736.26,1563.90,1563.90,1651.83,1439.65,1439.65,1510.06,1510.06,1346.70,1346.70,1383.88,1261.97,1261.97,1261.97,1542.71,1542.71,1576.23,1576.23,1576.23,1576.23,1542.71,1550.62,1532.65,1542.71,462.03,462.03,630.75,630.75,712.40,712.40,712.40,712.40,462.03,462.03,462.03,697.13,697.13,391.66,697.13,717.08,717.08,833.50,833.50,833.50,819.19,819.19,819.19,870.00,0.00,133.86,133.86,579.20,579.20,418.68,785.25,785.25,2329.32,2457.10,2369.99,2482.21,2482.21,2505.42,2297.96,2297.96,2368.34,2368.34,1732.96,1732.96
571D7_8,1663.46,1557.75,1897.51,1564.96,1663.46,2339.60,2291.24,2137.04,2395.39,1602.41,1430.05,1430.05,1517.97,1305.80,1305.80,1376.21,1376.21,1212.85,1212.85,1250.03,1128.11,1128.11,1128.11,1408.85,1408.85,1442.37,1442.37,1442.37,1442.37,1408.85,1416.76,1398.79,1408.85,328.17,328.17,496.90,496.90,578.54,578.54,578.54,578.54,328.17,328.17,328.17,563.27,563.27,257.81,563.27,583.22,583.22,699.64,699.64,699.64,685.34,685.34,685.34,736.14,147.40,0.00,0.00,445.34,445.34,284.82,651.39,651.39,2195.46,2323.25,2236.13,2348.36,2348.36,2371.56,2164.10,2164.10,2234.48,2234.48,1599.10,1599.10
571D7_9,1663.46,1557.75,1897.51,1564.96,1663.46,2339.60,2291.24,2137.04,2395.39,1602.41,1430.05,1430.05,1517.97,1305.80,1305.80,1376.21,1376.21,1212.85,1212.85,1250.03,1128.11,1128.11,1128.11,1408.85,1408.85,1442.37,1442.37,1442.37,1442.37,1408.85,1416.76,1398.79,1408.85,328.17,328.17,496.90,496.90,578.54,578.54,578.54,578.54,328.17,328.17,328.17,563.27,563.27,257.81,563.27,583.22,583.22,699.64,699.64,699.64,685.34,685.34,685.34,736.14,147.40,0.00,0.00,445.34,445.34,284.82,651.39,651.39,2195.46,2323.25,2236.13,2348.36,2348.36,2371.56,2164.10,2164.10,2234.48,2234.48,1599.10,1599.10
572D1_8,1607.77,1502.07,1835.79,1509.28,1607.77,2277.88,2229.52,2075.32,2333.67,1540.69,1368.33,1368.33,1456.25,1250.11,1250.11,1320.53,1320.53,1157.16,1157.16,1188.31,1066.39,1066.39,1066.39,1353.17,1353.17,1386.69,1386.69,1386.69,1386.69,1353.17,1355.04,1337.07,1353.17,266.45,266.45,435.18,435.18,516.83,516.83,516.83,516.83,266.45,266.45,266.45,507.59,507.59,285.13,507.59,527.54,527.54,643.96,643.96,643.96,629.65,629.65,629.65,680.46,681.09,618.78,618.78,0.00,0.00,258.12,206.05,206.05,2133.74,2261.53,2174.41,2286.64,2286.64,2309.84,2102.38,2102.38,2172.76,2172.76,1537.38,1537.38
572D1_9,1607.77,1502.07,1835.79,1509.28,1607.77,2277.88,2229.52,2075.32,2333.67,1540.69,1368.33,1368.33,1456.25,1250.11,1250.11,1320.53,1320.53,1157.16,1157.16,1188.31,1066.39,1066.39,1066.39,1353.17,1353.17,1386.69,1386.69,1386.69,1386.69,1353.17,1355.04,1337.07,1353.17,266.45,266.45,435.18,435.18,516.83,516.83,516.83,516.83,266.45,266.45,266.45,507.59,507.59,285.13,507.59,527.54,527.54,643.96,643.96,643.96,629.65,629.65,629.65,680.46,681.09,618.78,618.78,0.00,0.00,258.12,206.05,206.05,2133.74,2261.53,2174.41,2286.64,2286.64,2309.84,2102.38,2102.38,2172.76,2172.76,1537.38,1537.38
572D2_10,1378.64,1272.93,1612.69,1280.14,1378.64,2054.78,2006.42,1852.22,2110.57,1317.59,1145.23,1145.23,1233.15,1020.98,1020.98,1091.39,1091.39,928.03,928.03,965.21,843.29,843.29,843.29,1124.03,1124.03,1157.55,1157.55,1157.55,1157.55,1124.03,1131.95,1113.97,1124.03,43.35,43.35,212.08,212.08,293.73,293.73,293.73,293.73,43.35,43.35,43.35,278.45,278.45,27.01,278.45,298.40,298.40,414.83,414.83,414.83,400.52,400.52,400.52,451.33,422.97,360.66,360.66,185.53,185.53,0.00,391.58,391.58,1910.64,2038.43,1951.31,2063.54,2063.54,2086.74,1879.28,1879.28,1949.66,1949.66,1314.28,1314.28
572D2_8,1401.72,1296.02,1629.73,1303.23,1401.72,2071.83,2023.47,1869.27,2127.61,1334.63,1162.28,1162.28,1250.20,1044.06,1044.06,1114.48,1114.48,951.11,951.11,982.25,860.34,860.34,860.34,1147.12,1147.12,1180.64,1180.64,1180.64,1180.64,1147.12,1148.99,1131.02,1147.12,60.40,60.40,229.13,229.13,310.77,310.77,310.77,310.77,60.40,60.40,60.40,301.54,301.54,79.08,301.54,321.49,321.49,437.91,437.91,437.91,423.60,423.60,423.60,474.41,475.04,412.73,412.73,237.59,237.59,52.07,0.00,0.00,1927.69,2055.47,1968.36,2080.58,2080.58,2103.79,1896.33,1896.33,1966.71,1966.71,1331.33,1331.33
572D2_9,1401.72,1296.02,1629.73,1303.23,1401.72,2071.83,2023.47,1869.27,2127.61,1334.63,1162.28,1162.28,1250.20,1044.06,1044.06,1114.48,1114.48,951.11,951.11,982.25,860.34,860.34,860.34,1147.12,1147.12,1180.64,1180.64,1180.64,1180.64,1147.12,1148.99,1131.02,1147.12,60.40,60.40,229.13,229.13,310.77,310.77,310.77,310.77,60.40,60.40,60.40,301.54,301.54,79.08,301.54,321.49,321.49,437.91,437.91,437.91,423.60,423.60,423.60,474.41,475.04,412.73,412.73,237.59,237.59,52.07,0.00,0.00,1927.69,2055.47,1968.36,2080.58,2080.58,2103.79,1896.33,1896.33,1966.71,1966.71,1331.33,1331.33
772D2_8,983.11,918.52,793.01,884.61,983.11,946.66,898.30,744.10,1002.45,621.13,448.77,448.77,536.70,1103.96,1103.96,1027.34,1027.34,1542.45,1542.45,811.79,941.22,941.22,941.22,1207.02,1207.02,832.63,832.63,832.63,832.63,1207.02,627.16,676.88,1207.02,1469.36,1469.36,1300.64,1300.64,1382.29,1382.29,1382.29,1382.29,1469.36,1469.36,1469.36,1542.83,1542.83,1539.73,1542.83,1546.50,1546.50,1662.92,1662.92,1662.92,1648.61,1648.61,1648.61,1422.52,1935.69,1873.38,1873.38,1698.24,1698.24,1512.72,1904.29,1904.29,0.00,976.63,889.51,1001.74,1001.74,1024.94,817.49,817.49,887.86,887.86,340.65,340.65
773D1_8,1327.42,1262.83,1114.22,1228.92,1327.42,144.74,502.88,344.15,395.12,965.44,793.08,793.08,881.01,1448.27,1448.27,1371.65,1371.65,1886.76,1886.76,1156.10,1285.53,1285.53,1285.53,1551.33,1551.33,1176.94,1176.94,1176.94,1176.94,1551.33,971.47,1021.19,1551.33,1813.67,1813.67,1644.95,1644.95,1726.60,1726.60,1726.60,1726.60,1813.67,1813.67,1813.67,1887.14,1887.14,1884.04,1887.14,1890.81,1890.81,2007.23,2007.23,2007.23,1992.92,1992.92,1992.92,1766.83,2280.00,2217.69,2217.69,2042.55,2042.55,1857.03,2248.60,2248.60,344.31,0.00,211.23,363.94,363.94,397.71,578.86,578.86,250.07,250.07,684.96,684.96
773D3_9,1448.32,1383.73,902.99,1349.82,1448.32,355.97,714.11,555.38,606.35,1086.34,913.99,913.99,1001.91,1542.45,1542.45,1492.56,1492.56,2007.66,2007.66,1250.28,1379.71,1379.71,1379.71,1645.51,1645.51,1271.12,1271.12,1271.12,1271.12,1645.51,1065.65,1115.37,1645.51,1907.86,1907.86,1739.13,1739.13,1820.78,1820.78,1820.78,1820.78,1907.86,1907.86,1907.86,1981.32,1981.32,1978.22,1981.32,1984.99,1984.99,2101.41,2101.41,2101.41,2087.10,2087.10,2087.10,1861.02,2374.18,2311.87,2311.87,2136.74,2136.74,1951.21,2342.79,2342.79,555.54,211.23,0.00,152.71,152.71,186.47,418.44,418.44,38.83,38.83,637.04,637.04
774D5_8,1560.54,1495.96,998.15,1462.05,1560.54,519.24,877.38,718.65,769.62,1198.57,1026.21,1026.21,1114.14,1654.68,1654.68,1604.78,1604.78,2119.89,2119.89,1362.51,1491.94,1491.94,1491.94,1757.73,1757.73,1383.35,1383.35,1383.35,1383.35,1757.73,1177.88,1227.59,1757.73,2020.08,2020.08,1851.36,1851.36,1933.01,1933.01,1933.01,1933.01,2020.08,2020.08,2020.08,2093.55,2093.55,2090.45,2093.55,2097.22,2097.22,2213.64,2213.64,2213.64,2199.33,2199.33,2199.33,1973.24,2486.41,2424.10,2424.10,2248.96,2248.96,2063.44,2455.01,2455.01,718.81,374.50,163.27,0.00,0.00,281.63,530.67,530.67,113.88,113.88,749.27,749.27
774D5_9,1560.54,1495.96,998.15,1462.05,1560.54,519.24,877.38,718.65,769.62,1198.57,1026.21,1026.21,1114.14,1654.68,1654.68,1604.78,1604.78,2119.89,2119.89,1362.51,1491.94,1491.94,1491.94,1757.73,1757.73,1383.35,1383.35,1383.35,1383.35,1757.73,1177.88,1227.59,1757.73,2020.08,2020.08,1851.36,1851.36,1933.01,1933.01,1933.01,1933.01,2020.08,2020.08,2020.08,2093.55,2093.55,2090.45,2093.55,2097.22,2097.22,2213.64,2213.64,2213.64,2199.33,2199.33,2199.33,1973.24,2486.41,2424.10,2424.10,2248.96,2248.96,2063.44,2455.01,2455.01,718.81,374.50,163.27,0.00,0.00,281.63,530.67,530.67,113.88,113.88,749.27,749.27
774D6_8,1468.43,1403.85,716.51,1369.94,1468.43,761.43,1119.58,960.84,1011.81,1116.72,944.36,944.36,1032.29,1572.83,1572.83,1512.67,1512.67,2027.78,2027.78,1280.66,1410.09,1410.09,1410.09,1675.89,1675.89,1301.50,1301.50,1301.50,1301.50,1675.89,1096.03,1145.74,1675.89,1938.23,1938.23,1769.51,1769.51,1851.16,1851.16,1851.16,1851.16,1938.23,1938.23,1938.23,2011.69,2011.69,2008.60,2011.69,2015.37,2015.37,2131.79,2131.79,2131.79,2117.48,2117.48,2117.48,1891.39,2404.56,2342.25,2342.25,2167.11,2167.11,1981.59,2373.16,2373.16,679.47,616.69,405.46,517.69,517.69,0.00,448.82,448.82,403.81,403.81,667.42,667.42
774D8_8,1516.70,1452.12,971.37,1418.21,1516.70,456.73,814.88,656.15,707.11,1154.73,982.37,982.37,1070.30,1610.84,1610.84,1560.94,1560.94,2076.05,2076.05,1318.66,1448.10,1448.10,1448.10,1713.89,1713.89,1339.51,1339.51,1339.51,1339.51,1713.89,1134.04,1183.75,1713.89,1976.24,1976.24,1807.52,1807.52,1889.16,1889.16,1889.16,1889.16,1976.24,1976.24,1976.24,2049.70,2049.70,2046.61,2049.70,2053.38,2053.38,2169.80,2169.80,2169.80,2155.49,2155.49,2155.49,1929.40,2442.57,2380.26,2380.26,2205.12,2205.12,2019.60,2411.17,2411.17,656.31,312.00,100.77,231.66,231.66,254.86,0.00,0.00,117.78,117.78,705.43,705.43
774D8_9,1516.70,1452.12,971.37,1418.21,1516.70,456.73,814.88,656.15,707.11,1154.73,982.37,982.37,1070.30,1610.84,1610.84,1560.94,1560.94,2076.05,2076.05,1318.66,1448.10,1448.10,1448.10,1713.89,1713.89,1339.51,1339.51,1339.51,1339.51,1713.89,1134.04,1183.75,1713.89,1976.24,1976.24,1807.52,1807.52,1889.16,1889.16,1889.16,1889.16,1976.24,1976.24,1976.24,2049.70,2049.70,2046.61,2049.70,2053.38,2053.38,2169.80,2169.80,2169.80,2155.49,2155.49,2155.49,1929.40,2442.57,2380.26,2380.26,2205.12,2205.12,2019.60,2411.17,2411.17,656.31,312.00,100.77,231.66,231.66,254.86,0.00,0.00,117.78,117.78,705.43,705.43
774Stau1_8_1,1446.67,1382.08,901.34,1348.17,1446.67,405.36,763.51,604.77,655.74,1084.69,912.34,912.34,1000.26,1540.81,1540.81,1490.91,1490.91,2006.01,2006.01,1248.63,1378.06,1378.06,1378.06,1643.86,1643.86,1269.47,1269.47,1269.47,1269.47,1643.86,1064.00,1113.72,1643.86,1906.21,1906.21,1737.48,1737.48,1819.13,1819.13,1819.13,1819.13,1906.21,1906.21,1906.21,1979.67,1979.67,1976.57,1979.67,1983.34,1983.34,2099.76,2099.76,2099.76,2085.45,2085.45,2085.45,1859.37,2372.53,2310.22,2310.22,2135.09,2135.09,1949.56,2341.14,2341.14,604.94,260.63,49.39,113.88,113.88,184.82,416.79,416.79,0.00,0.00,635.39,635.39
774Stau1_8_2,1446.67,1382.08,901.34,1348.17,1446.67,405.36,763.51,604.77,655.74,1084.69,912.34,912.34,1000.26,1540.81,1540.81,1490.91,1490.91,2006.01,2006.01,1248.63,1378.06,1378.06,1378.06,1643.86,1643.86,1269.47,1269.47,1269.47,1269.47,1643.86,1064.00,1113.72,1643.86,1906.21,1906.21,1737.48,1737.48,1819.13,1819.13,1819.13,1819.13,1906.21,1906.21,1906.21,1979.67,1979.67,1976.57,1979.67,1983.34,1983.34,2099.76,2099.76,2099.76,2085.45,2085.45,2085.45,1859.37,2372.53,2310.22,2310.22,2135.09,2135.09,1949.56,2341.14,2341.14,604.94,260.63,49.39,113.88,113.88,184.82,416.79,416.79,0.00,0.00,635.39,635.39
777D1_8,811.28,746.69,621.18,712.78,811.28,868.88,1050.40,896.20,1119.26,449.30,276.94,276.94,364.87,905.41,905.41,855.51,855.51,1370.62,1370.62,613.24,742.67,742.67,742.67,1008.47,1008.47,634.08,634.08,634.08,634.08,1008.47,428.61,478.32,1008.47,1270.81,1270.81,1102.09,1102.09,1183.74,1183.74,1183.74,1183.74,1270.81,1270.81,1270.81,1344.28,1344.28,1341.18,1344.28,1347.95,1347.95,1464.37,1464.37,1464.37,1450.06,1450.06,1450.06,1223.97,1737.14,1674.83,1674.83,1499.69,1499.69,1314.17,1705.74,1705.74,596.36,724.14,637.03,749.25,749.25,772.46,565.00,565.00,635.38,635.38,0.00,0.00
777D1_9,811.28,746.69,621.18,712.78,811.28,868.88,1050.40,896.20,1119.26,449.30,276.94,276.94,364.87,905.41,905.41,855.51,855.51,1370.62,1370.62,613.24,742.67,742.67,742.67,1008.47,1008.47,634.08,634.08,634.08,634.08,1008.47,428.61,478.32,1008.47,1270.81,1270.81,1102.09,1102.09,1183.74,1183.74,1183.74,1183.74,1270.81,1270.81,1270.81,1344.28,1344.28,1341.18,1344.28,1347.95,1347.95,1464.37,1464.37,1464.37,1450.06,1450.06,1450.06,1223.97,1737.14,1674.83,1674.83,1499.69,1499.69,1314.17,1705.74,1705.74,596.36,724.14,637.03,749.25,749.25,772.46,565.00,565.00,635.38,635.38,0.00,0.00
