detid_Y,BP2_D1,BP2_D2,BP2_D3,BP4_D1(1),BP4_D10(3),BP4_D2(1),BP4_D3(2),BP4_D4(2),BP4_D5(2),BP4_D6(4),BP4_D8(3),BP4_D9(3),FA6_D10,FA6_D11,FA6_D14,FA6_D15,FA6_D16,FA6_D17,FA6_D18,FA6_D19,FA6_D2,FA6_D24,FA6_D25,FA6_D27,FA6_D28,FA6_D29,FA6_D3,FA6_D30,FA6_D31,FA6_D32,FA6_D33,FA6_D34,FA6_D35,FA6_D36,FA6_D37,FA6_D38,FA6_D4,FA6_D5,FA6_D6,FA6_D7,FA6_D8,FA6_D9,G3_D1(KFZ1),G3_D2(KFZ1),G3_D3(KFZ2),G3_D4(KFZ2),G3_D5(KFZ3),HB1_D1,HB1_D13,HB1_D14,HB1_D15,HB1_D16,HB1_D17,HB1_D2,HB1_D3,HB1_D4,HB1_D5,HB1_D6,HB1_D7,HB1_D8,HB4_D1(KFZ4),HB4_D2(KFZ4),MUE3_D2(KFZ),MUE3_D3(KFZ),PR1_D1,PR1_D10,PR1_D11,PR1_D2,PR1_D3,PR1_D4,PR1_D5,PR1_D6,PR1_D7,PR1_D8,PR1_D9,PR3_D1(KFZ1),PR3_D2(KFZ1),PR3_D3(KFZ2),SD_D1(KFZ1),SD_D2(KFZ2),SD_D3(KFZ3),SHO_D1(KFZ1),SHO_D2(KFZ4),STA1_D1(KFZ4),STA1_D2(KFZ4),STA1_D8(KFZ5),STA1_D9(KFZ5),STA2_D2(KFZ4),STA2_D3(KFZ4),STA2_D4(KFZ4),STA2_D5(KFZ3),STA2_D6(KFZ3),STA2_D7(KFZ3),STA2_D8(KFZ3),STA4_D1(KFZ1),STA4_D1a(KFZ1),STA4_D2(KFZ2),STA4_D2a(KFZ2),STA4_D4(KFZ4),STA4_D4a(KFZ4),STA4_D6(KFZ6),STA4_D6a(KFZ6),STA4_D8(KFZ8),STA4_D8a(KFZ8),STA4_D9(KFZ9),STA4_D9a(KFZ9),T1_D1,T1_D2,T1_D3,T1_D4,WL2_D1(KFZ1),WL2_D2(KFZ3)
BP2_D1,0.00,0.00,0.00,142.86,140.31,142.86,142.86,142.86,142.86,136.66,140.31,140.31,1277.34,1277.34,1769.35,1769.35,1769.35,1769.35,1769.35,1769.35,1249.45,1769.35,1769.35,1249.45,1249.45,1249.45,1249.45,1249.45,1249.45,1249.45,1389.43,1389.43,1389.43,1389.43,1389.43,1389.43,1249.45,1249.45,1249.45,1249.45,1277.34,1277.34,584.21,412.26,402.30,394.41,394.41,688.66,1000.10,1000.10,1000.10,1141.69,1141.69,688.66,688.66,728.37,728.37,875.40,875.40,728.37,412.83,412.83,865.54,865.54,1321.35,1069.67,1069.67,1321.35,1321.35,1023.33,1023.33,1023.33,1023.33,1069.67,1069.67,1888.16,1888.16,1888.16,1300.20,1344.66,1344.66,816.64,816.64,704.86,704.86,734.15,734.15,839.07,839.07,839.07,837.81,837.81,837.81,837.81,1127.93,1127.93,1127.93,1127.93,1067.39,1731.22,1104.90,1104.90,1138.29,1138.29,1431.78,1431.78,815.21,815.21,815.21,815.21,693.83,693.83
BP2_D2,0.00,0.00,0.00,142.86,140.31,142.86,142.86,142.86,142.86,136.66,140.31,140.31,1277.34,1277.34,1769.35,1769.35,1769.35,1769.35,1769.35,1769.35,1249.45,1769.35,1769.35,1249.45,1249.45,1249.45,1249.45,1249.45,1249.45,1249.45,1389.43,1389.43,1389.43,1389.43,1389.43,1389.43,1249.45,1249.45,1249.45,1249.45,1277.34,1277.34,584.21,412.26,402.30,394.41,394.41,688.66,1000.10,1000.10,1000.10,1141.69,1141.69,688.66,688.66,728.37,728.37,875.40,875.40,728.37,412.83,412.83,865.54,865.54,1321.35,1069.67,1069.67,1321.35,1321.35,1023.33,1023.33,1023.33,1023.33,1069.67,1069.67,1888.16,1888.16,1888.16,1300.20,1344.66,1344.66,816.64,816.64,704.86,704.86,734.15,734.15,839.07,839.07,839.07,837.81,837.81,837.81,837.81,1127.93,1127.93,1127.93,1127.93,1067.39,1731.22,1104.90,1104.90,1138.29,1138.29,1431.78,1431.78,815.21,815.21,815.21,815.21,693.83,693.83
BP2_D3,0.00,0.00,0.00,142.86,140.31,142.86,142.86,142.86,142.86,136.66,140.31,140.31,1277.34,1277.34,1769.35,1769.35,1769.35,1769.35,1769.35,1769.35,1249.45,1769.35,1769.35,1249.45,1249.45,1249.45,1249.45,1249.45,1249.45,1249.45,1389.43,1389.43,1389.43,1389.43,1389.43,1389.43,1249.45,1249.45,1249.45,1249.45,1277.34,1277.34,584.21,412.26,402.30,394.41,394.41,688.66,1000.10,1000.10,1000.10,1141.69,1141.69,688.66,688.66,728.37,728.37,875.40,875.40,728.37,412.83,412.83,865.54,865.54,1321.35,1069.67,1069.67,1321.35,1321.35,1023.33,1023.33,1023.33,1023.33,1069.67,1069.67,1888.16,1888.16,1888.16,1300.20,1344.66,1344.66,816.64,816.64,704.86,704.86,734.15,734.15,839.07,839.07,839.07,837.81,837.81,837.81,837.81,1127.93,1127.93,1127.93,1127.93,1067.39,1731.22,1104.90,1104.90,1138.29,1138.29,1431.78,1431.78,815.21,815.21,815.21,815.21,693.83,693.83
BP4_D1(1),635.03,635.03,635.03,0.00,395.55,0.00,0.00,0.00,0.00,391.90,395.55,395.55,1185.16,1185.16,1677.17,1677.17,1677.17,1677.17,1677.17,1677.17,1157.28,1677.17,1677.17,1157.28,1157.28,1157.28,1157.28,1157.28,1157.28,1157.28,1297.25,1297.25,1297.25,1297.25,1297.25,1297.25,1157.28,1157.28,1157.28,1157.28,1185.16,1185.16,492.03,320.08,310.12,302.23,302.23,596.48,907.92,907.92,907.92,1049.51,1049.51,596.48,596.48,636.19,636.19,783.22,783.22,636.19,320.65,320.65,773.36,773.36,1229.17,977.49,977.49,1229.17,1229.17,931.15,931.15,931.15,931.15,977.49,977.49,1795.98,1795.98,1795.98,1208.02,1252.48,1252.48,724.46,724.46,612.68,612.68,641.97,641.97,746.89,746.89,746.89,745.63,745.63,745.63,745.63,1035.75,1035.75,1035.75,1035.75,975.21,1639.04,1012.72,1012.72,1046.11,1046.11,1339.60,1339.60,723.03,723.03,723.03,723.03,601.65,601.65
BP4_D10(3),239.49,239.49,239.49,62.24,0.00,62.24,62.24,62.24,62.24,56.04,0.00,0.00,1247.40,1247.40,1739.42,1739.42,1739.42,1739.42,1739.42,1739.42,1219.52,1739.42,1739.42,1219.52,1219.52,1219.52,1219.52,1219.52,1219.52,1219.52,1359.50,1359.50,1359.50,1359.50,1359.50,1359.50,1219.52,1219.52,1219.52,1219.52,1247.40,1247.40,554.28,382.32,372.36,364.47,364.47,658.72,970.17,970.17,970.17,1111.76,1111.76,658.72,658.72,698.43,698.43,845.46,845.46,698.43,382.90,382.90,835.61,835.61,1291.41,1039.74,1039.74,1291.41,1291.41,993.39,993.39,993.39,993.39,1039.74,1039.74,1858.22,1858.22,1858.22,1270.27,1314.72,1314.72,786.71,786.71,674.92,674.92,704.22,704.22,809.13,809.13,809.13,807.88,807.88,807.88,807.88,1098.00,1098.00,1098.00,1098.00,1037.46,1701.28,1074.97,1074.97,1108.35,1108.35,1401.85,1401.85,785.27,785.27,785.27,785.27,663.90,663.90
BP4_D2(1),635.03,635.03,635.03,0.00,395.55,0.00,0.00,0.00,0.00,391.90,395.55,395.55,1185.16,1185.16,1677.17,1677.17,1677.17,1677.17,1677.17,1677.17,1157.28,1677.17,1677.17,1157.28,1157.28,1157.28,1157.28,1157.28,1157.28,1157.28,1297.25,1297.25,1297.25,1297.25,1297.25,1297.25,1157.28,1157.28,1157.28,1157.28,1185.16,1185.16,492.03,320.08,310.12,302.23,302.23,596.48,907.92,907.92,907.92,1049.51,1049.51,596.48,596.48,636.19,636.19,783.22,783.22,636.19,320.65,320.65,773.36,773.36,1229.17,977.49,977.49,1229.17,1229.17,931.15,931.15,931.15,931.15,977.49,977.49,1795.98,1795.98,1795.98,1208.02,1252.48,1252.48,724.46,724.46,612.68,612.68,641.97,641.97,746.89,746.89,746.89,745.63,745.63,745.63,745.63,1035.75,1035.75,1035.75,1035.75,975.21,1639.04,1012.72,1012.72,1046.11,1046.11,1339.60,1339.60,723.03,723.03,723.03,723.03,601.65,601.65
BP4_D3(2),635.03,635.03,635.03,0.00,395.55,0.00,0.00,0.00,0.00,391.90,395.55,395.55,1185.16,1185.16,1677.17,1677.17,1677.17,1677.17,1677.17,1677.17,1157.28,1677.17,1677.17,1157.28,1157.28,1157.28,1157.28,1157.28,1157.28,1157.28,1297.25,1297.25,1297.25,1297.25,1297.25,1297.25,1157.28,1157.28,1157.28,1157.28,1185.16,1185.16,492.03,320.08,310.12,302.23,302.23,596.48,907.92,907.92,907.92,1049.51,1049.51,596.48,596.48,636.19,636.19,783.22,783.22,636.19,320.65,320.65,773.36,773.36,1229.17,977.49,977.49,1229.17,1229.17,931.15,931.15,931.15,931.15,977.49,977.49,1795.98,1795.98,1795.98,1208.02,1252.48,1252.48,724.46,724.46,612.68,612.68,641.97,641.97,746.89,746.89,746.89,745.63,745.63,745.63,745.63,1035.75,1035.75,1035.75,1035.75,975.21,1639.04,1012.72,1012.72,1046.11,1046.11,1339.60,1339.60,723.03,723.03,723.03,723.03,601.65,601.65
BP4_D4(2),635.03,635.03,635.03,0.00,395.55,0.00,0.00,0.00,0.00,391.90,395.55,395.55,1185.16,1185.16,1677.17,1677.17,1677.17,1677.17,1677.17,1677.17,1157.28,1677.17,1677.17,1157.28,1157.28,1157.28,1157.28,1157.28,1157.28,1157.28,1297.25,1297.25,1297.25,1297.25,1297.25,1297.25,1157.28,1157.28,1157.28,1157.28,1185.16,1185.16,492.03,320.08,310.12,302.23,302.23,596.48,907.92,907.92,907.92,1049.51,1049.51,596.48,596.48,636.19,636.19,783.22,783.22,636.19,320.65,320.65,773.36,773.36,1229.17,977.49,977.49,1229.17,1229.17,931.15,931.15,931.15,931.15,977.49,977.49,1795.98,1795.98,1795.98,1208.02,1252.48,1252.48,724.46,724.46,612.68,612.68,641.97,641.97,746.89,746.89,746.89,745.63,745.63,745.63,745.63,1035.75,1035.75,1035.75,1035.75,975.21,1639.04,1012.72,1012.72,1046.11,1046.11,1339.60,1339.60,723.03,723.03,723.03,723.03,601.65,601.65
BP4_D5(2),635.03,635.03,635.03,0.00,395.55,0.00,0.00,0.00,0.00,391.90,395.55,395.55,1185.16,1185.16,1677.17,1677.17,1677.17,1677.17,1677.17,1677.17,1157.28,1677.17,1677.17,1157.28,1157.28,1157.28,1157.28,1157.28,1157.28,1157.28,1297.25,1297.25,1297.25,1297.25,1297.25,1297.25,1157.28,1157.28,1157.28,1157.28,1185.16,1185.16,492.03,320.08,310.12,302.23,302.23,596.48,907.92,907.92,907.92,1049.51,1049.51,596.48,596.48,636.19,636.19,783.22,783.22,636.19,320.65,320.65,773.36,773.36,1229.17,977.49,977.49,1229.17,1229.17,931.15,931.15,931.15,931.15,977.49,977.49,1795.98,1795.98,1795.98,1208.02,1252.48,1252.48,724.46,724.46,612.68,612.68,641.97,641.97,746.89,746.89,746.89,745.63,745.63,745.63,745.63,1035.75,1035.75,1035.75,1035.75,975.21,1639.04,1012.72,1012.72,1046.11,1046.11,1339.60,1339.60,723.03,723.03,723.03,723.03,601.65,601.65
BP4_D6(4),669.51,669.51,669.51,34.47,430.02,34.47,34.47,34.47,34.47,0.00,430.02,430.02,1219.63,1219.63,1711.64,1711.64,1711.64,1711.64,1711.64,1711.64,1191.75,1711.64,1711.64,1191.75,1191.75,1191.75,1191.75,1191.75,1191.75,1191.75,1331.72,1331.72,1331.72,1331.72,1331.72,1331.72,1191.75,1191.75,1191.75,1191.75,1219.63,1219.63,526.51,354.55,344.59,336.70,336.70,630.95,942.40,942.40,942.40,1083.98,1083.98,630.95,630.95,670.66,670.66,817.69,817.69,670.66,355.13,355.13,807.83,807.83,1263.64,1011.97,1011.97,1263.64,1263.64,965.62,965.62,965.62,965.62,1011.97,1011.97,1830.45,1830.45,1830.45,1242.50,1286.95,1286.95,758.94,758.94,647.15,647.15,676.44,676.44,781.36,781.36,781.36,780.10,780.10,780.10,780.10,1070.22,1070.22,1070.22,1070.22,1009.69,1673.51,1047.20,1047.20,1080.58,1080.58,1374.08,1374.08,757.50,757.50,757.50,757.50,636.12,636.12
BP4_D8(3),239.49,239.49,239.49,62.24,0.00,62.24,62.24,62.24,62.24,56.04,0.00,0.00,1247.40,1247.40,1739.42,1739.42,1739.42,1739.42,1739.42,1739.42,1219.52,1739.42,1739.42,1219.52,1219.52,1219.52,1219.52,1219.52,1219.52,1219.52,1359.50,1359.50,1359.50,1359.50,1359.50,1359.50,1219.52,1219.52,1219.52,1219.52,1247.40,1247.40,554.28,382.32,372.36,364.47,364.47,658.72,970.17,970.17,970.17,1111.76,1111.76,658.72,658.72,698.43,698.43,845.46,845.46,698.43,382.90,382.90,835.61,835.61,1291.41,1039.74,1039.74,1291.41,1291.41,993.39,993.39,993.39,993.39,1039.74,1039.74,1858.22,1858.22,1858.22,1270.27,1314.72,1314.72,786.71,786.71,674.92,674.92,704.22,704.22,809.13,809.13,809.13,807.88,807.88,807.88,807.88,1098.00,1098.00,1098.00,1098.00,1037.46,1701.28,1074.97,1074.97,1108.35,1108.35,1401.85,1401.85,785.27,785.27,785.27,785.27,663.90,663.90
BP4_D9(3),239.49,239.49,239.49,62.24,0.00,62.24,62.24,62.24,62.24,56.04,0.00,0.00,1247.40,1247.40,1739.42,1739.42,1739.42,1739.42,1739.42,1739.42,1219.52,1739.42,1739.42,1219.52,1219.52,1219.52,1219.52,1219.52,1219.52,1219.52,1359.50,1359.50,1359.50,1359.50,1359.50,1359.50,1219.52,1219.52,1219.52,1219.52,1247.40,1247.40,554.28,382.32,372.36,364.47,364.47,658.72,970.17,970.17,970.17,1111.76,1111.76,658.72,658.72,698.43,698.43,845.46,845.46,698.43,382.90,382.90,835.61,835.61,1291.41,1039.74,1039.74,1291.41,1291.41,993.39,993.39,993.39,993.39,1039.74,1039.74,1858.22,1858.22,1858.22,1270.27,1314.72,1314.72,786.71,786.71,674.92,674.92,704.22,704.22,809.13,809.13,809.13,807.88,807.88,807.88,807.88,1098.00,1098.00,1098.00,1098.00,1037.46,1701.28,1074.97,1074.97,1108.35,1108.35,1401.85,1401.85,785.27,785.27,785.27,785.27,663.90,663.90
FA6_D10,1760.05,1760.05,1760.05,1646.24,1584.00,1646.24,1646.24,1646.24,1646.24,1640.04,1584.00,1584.00,0.00,0.00,1234.58,1234.58,1234.58,1234.58,1234.58,1234.58,1254.77,1234.58,1234.58,1254.77,1254.77,1254.77,1254.77,1254.77,1254.77,1254.77,112.09,112.09,112.09,112.09,112.09,112.09,1254.77,1254.77,1254.77,1254.77,0.00,0.00,2081.52,1909.57,1899.61,1891.71,1891.71,1325.88,1390.84,1390.84,1390.84,1302.46,1302.46,1325.88,1325.88,1923.95,1923.95,1257.00,1257.00,1923.95,1636.85,1636.85,1875.96,1875.96,978.10,1110.31,1110.31,978.10,978.10,1034.47,1034.47,1034.47,1034.47,1110.31,1110.31,1353.39,1353.39,1353.39,2797.51,2841.97,2841.97,2313.95,2313.95,2202.16,2202.16,2231.46,2231.46,2336.37,2336.37,2336.37,2335.12,2335.12,2335.12,2335.12,2625.24,2625.24,2625.24,2625.24,2564.70,3228.52,2602.21,2602.21,2635.59,2635.59,2929.09,2929.09,1452.43,1452.43,1452.43,1452.43,1920.61,1920.61
FA6_D11,1760.05,1760.05,1760.05,1646.24,1584.00,1646.24,1646.24,1646.24,1646.24,1640.04,1584.00,1584.00,0.00,0.00,1234.58,1234.58,1234.58,1234.58,1234.58,1234.58,1254.77,1234.58,1234.58,1254.77,1254.77,1254.77,1254.77,1254.77,1254.77,1254.77,112.09,112.09,112.09,112.09,112.09,112.09,1254.77,1254.77,1254.77,1254.77,0.00,0.00,2081.52,1909.57,1899.61,1891.71,1891.71,1325.88,1390.84,1390.84,1390.84,1302.46,1302.46,1325.88,1325.88,1923.95,1923.95,1257.00,1257.00,1923.95,1636.85,1636.85,1875.96,1875.96,978.10,1110.31,1110.31,978.10,978.10,1034.47,1034.47,1034.47,1034.47,1110.31,1110.31,1353.39,1353.39,1353.39,2797.51,2841.97,2841.97,2313.95,2313.95,2202.16,2202.16,2231.46,2231.46,2336.37,2336.37,2336.37,2335.12,2335.12,2335.12,2335.12,2625.24,2625.24,2625.24,2625.24,2564.70,3228.52,2602.21,2602.21,2635.59,2635.59,2929.09,2929.09,1452.43,1452.43,1452.43,1452.43,1920.61,1920.61
FA6_D14,1575.67,1575.67,1575.67,1461.86,1399.62,1461.86,1461.86,1461.86,1461.86,1455.66,1399.62,1399.62,29.78,29.78,0.00,0.00,0.00,0.00,0.00,0.00,20.19,0.00,0.00,20.19,20.19,20.19,20.19,20.19,20.19,20.19,141.87,141.87,141.87,141.87,141.87,141.87,20.19,20.19,20.19,20.19,29.78,29.78,1670.52,1498.56,1488.60,1480.71,1480.71,819.56,884.52,884.52,884.52,796.13,796.13,819.56,819.56,1417.63,1417.63,964.23,964.23,1417.63,1130.53,1130.53,1369.64,1369.64,471.78,603.99,603.99,471.78,471.78,528.15,528.15,528.15,528.15,603.99,603.99,1383.17,1383.17,1383.17,2421.16,2465.61,2465.61,1881.03,1881.03,1825.81,1825.81,1855.10,1855.10,1960.02,1960.02,1960.02,1958.76,1958.76,1958.76,1958.76,2248.89,2248.89,2248.89,2248.89,2188.35,2852.17,2225.86,2225.86,2259.24,2259.24,2552.74,2552.74,946.11,946.11,946.11,946.11,1414.29,1414.29
FA6_D15,1575.67,1575.67,1575.67,1461.86,1399.62,1461.86,1461.86,1461.86,1461.86,1455.66,1399.62,1399.62,29.78,29.78,0.00,0.00,0.00,0.00,0.00,0.00,20.19,0.00,0.00,20.19,20.19,20.19,20.19,20.19,20.19,20.19,141.87,141.87,141.87,141.87,141.87,141.87,20.19,20.19,20.19,20.19,29.78,29.78,1670.52,1498.56,1488.60,1480.71,1480.71,819.56,884.52,884.52,884.52,796.13,796.13,819.56,819.56,1417.63,1417.63,964.23,964.23,1417.63,1130.53,1130.53,1369.64,1369.64,471.78,603.99,603.99,471.78,471.78,528.15,528.15,528.15,528.15,603.99,603.99,1383.17,1383.17,1383.17,2421.16,2465.61,2465.61,1881.03,1881.03,1825.81,1825.81,1855.10,1855.10,1960.02,1960.02,1960.02,1958.76,1958.76,1958.76,1958.76,2248.89,2248.89,2248.89,2248.89,2188.35,2852.17,2225.86,2225.86,2259.24,2259.24,2552.74,2552.74,946.11,946.11,946.11,946.11,1414.29,1414.29
FA6_D16,1575.67,1575.67,1575.67,1461.86,1399.62,1461.86,1461.86,1461.86,1461.86,1455.66,1399.62,1399.62,29.78,29.78,0.00,0.00,0.00,0.00,0.00,0.00,20.19,0.00,0.00,20.19,20.19,20.19,20.19,20.19,20.19,20.19,141.87,141.87,141.87,141.87,141.87,141.87,20.19,20.19,20.19,20.19,29.78,29.78,1670.52,1498.56,1488.60,1480.71,1480.71,819.56,884.52,884.52,884.52,796.13,796.13,819.56,819.56,1417.63,1417.63,964.23,964.23,1417.63,1130.53,1130.53,1369.64,1369.64,471.78,603.99,603.99,471.78,471.78,528.15,528.15,528.15,528.15,603.99,603.99,1383.17,1383.17,1383.17,2421.16,2465.61,2465.61,1881.03,1881.03,1825.81,1825.81,1855.10,1855.10,1960.02,1960.02,1960.02,1958.76,1958.76,1958.76,1958.76,2248.89,2248.89,2248.89,2248.89,2188.35,2852.17,2225.86,2225.86,2259.24,2259.24,2552.74,2552.74,946.11,946.11,946.11,946.11,1414.29,1414.29
FA6_D17,1575.67,1575.67,1575.67,1461.86,1399.62,1461.86,1461.86,1461.86,1461.86,1455.66,1399.62,1399.62,29.78,29.78,0.00,0.00,0.00,0.00,0.00,0.00,20.19,0.00,0.00,20.19,20.19,20.19,20.19,20.19,20.19,20.19,141.87,141.87,141.87,141.87,141.87,141.87,20.19,20.19,20.19,20.19,29.78,29.78,1670.52,1498.56,1488.60,1480.71,1480.71,819.56,884.52,884.52,884.52,796.13,796.13,819.56,819.56,1417.63,1417.63,964.23,964.23,1417.63,1130.53,1130.53,1369.64,1369.64,471.78,603.99,603.99,471.78,471.78,528.15,528.15,528.15,528.15,603.99,603.99,1383.17,1383.17,1383.17,2421.16,2465.61,2465.61,1881.03,1881.03,1825.81,1825.81,1855.10,1855.10,1960.02,1960.02,1960.02,1958.76,1958.76,1958.76,1958.76,2248.89,2248.89,2248.89,2248.89,2188.35,2852.17,2225.86,2225.86,2259.24,2259.24,2552.74,2552.74,946.11,946.11,946.11,946.11,1414.29,1414.29
FA6_D18,1575.67,1575.67,1575.67,1461.86,1399.62,1461.86,1461.86,1461.86,1461.86,1455.66,1399.62,1399.62,29.78,29.78,0.00,0.00,0.00,0.00,0.00,0.00,20.19,0.00,0.00,20.19,20.19,20.19,20.19,20.19,20.19,20.19,141.87,141.87,141.87,141.87,141.87,141.87,20.19,20.19,20.19,20.19,29.78,29.78,1670.52,1498.56,1488.60,1480.71,1480.71,819.56,884.52,884.52,884.52,796.13,796.13,819.56,819.56,1417.63,1417.63,964.23,964.23,1417.63,1130.53,1130.53,1369.64,1369.64,471.78,603.99,603.99,471.78,471.78,528.15,528.15,528.15,528.15,603.99,603.99,1383.17,1383.17,1383.17,2421.16,2465.61,2465.61,1881.03,1881.03,1825.81,1825.81,1855.10,1855.10,1960.02,1960.02,1960.02,1958.76,1958.76,1958.76,1958.76,2248.89,2248.89,2248.89,2248.89,2188.35,2852.17,2225.86,2225.86,2259.24,2259.24,2552.74,2552.74,946.11,946.11,946.11,946.11,1414.29,1414.29
FA6_D19,1575.67,1575.67,1575.67,1461.86,1399.62,1461.86,1461.86,1461.86,1461.86,1455.66,1399.62,1399.62,29.78,29.78,0.00,0.00,0.00,0.00,0.00,0.00,20.19,0.00,0.00,20.19,20.19,20.19,20.19,20.19,20.19,20.19,141.87,141.87,141.87,141.87,141.87,141.87,20.19,20.19,20.19,20.19,29.78,29.78,1670.52,1498.56,1488.60,1480.71,1480.71,819.56,884.52,884.52,884.52,796.13,796.13,819.56,819.56,1417.63,1417.63,964.23,964.23,1417.63,1130.53,1130.53,1369.64,1369.64,471.78,603.99,603.99,471.78,471.78,528.15,528.15,528.15,528.15,603.99,603.99,1383.17,1383.17,1383.17,2421.16,2465.61,2465.61,1881.03,1881.03,1825.81,1825.81,1855.10,1855.10,1960.02,1960.02,1960.02,1958.76,1958.76,1958.76,1958.76,2248.89,2248.89,2248.89,2248.89,2188.35,2852.17,2225.86,2225.86,2259.24,2259.24,2552.74,2552.74,946.11,946.11,946.11,946.11,1414.29,1414.29
FA6_D2,1555.48,1555.48,1555.48,1441.67,1379.43,1441.67,1441.67,1441.67,1441.67,1435.47,1379.43,1379.43,27.89,27.89,1262.47,1262.47,1262.47,1262.47,1262.47,1262.47,0.00,1262.47,1262.47,0.00,0.00,0.00,0.00,0.00,0.00,0.00,139.98,139.98,139.98,139.98,139.98,139.98,0.00,0.00,0.00,0.00,27.89,27.89,1650.33,1478.37,1468.41,1460.52,1460.52,799.37,864.33,864.33,864.33,775.94,775.94,799.37,799.37,1397.44,1397.44,944.04,944.04,1397.44,1110.34,1110.34,1349.45,1349.45,451.59,583.80,583.80,451.59,451.59,507.96,507.96,507.96,507.96,583.80,583.80,1381.28,1381.28,1381.28,2400.97,2445.42,2445.42,1860.84,1860.84,1805.62,1805.62,1834.91,1834.91,1939.83,1939.83,1939.83,1938.57,1938.57,1938.57,1938.57,2228.70,2228.70,2228.70,2228.70,2168.16,2831.98,2205.66,2205.66,2239.05,2239.05,2532.55,2532.55,925.92,925.92,925.92,925.92,1394.10,1394.10
FA6_D24,1575.67,1575.67,1575.67,1461.86,1399.62,1461.86,1461.86,1461.86,1461.86,1455.66,1399.62,1399.62,29.78,29.78,0.00,0.00,0.00,0.00,0.00,0.00,20.19,0.00,0.00,20.19,20.19,20.19,20.19,20.19,20.19,20.19,141.87,141.87,141.87,141.87,141.87,141.87,20.19,20.19,20.19,20.19,29.78,29.78,1670.52,1498.56,1488.60,1480.71,1480.71,819.56,884.52,884.52,884.52,796.13,796.13,819.56,819.56,1417.63,1417.63,964.23,964.23,1417.63,1130.53,1130.53,1369.64,1369.64,471.78,603.99,603.99,471.78,471.78,528.15,528.15,528.15,528.15,603.99,603.99,1383.17,1383.17,1383.17,2421.16,2465.61,2465.61,1881.03,1881.03,1825.81,1825.81,1855.10,1855.10,1960.02,1960.02,1960.02,1958.76,1958.76,1958.76,1958.76,2248.89,2248.89,2248.89,2248.89,2188.35,2852.17,2225.86,2225.86,2259.24,2259.24,2552.74,2552.74,946.11,946.11,946.11,946.11,1414.29,1414.29
FA6_D25,1575.67,1575.67,1575.67,1461.86,1399.62,1461.86,1461.86,1461.86,1461.86,1455.66,1399.62,1399.62,29.78,29.78,0.00,0.00,0.00,0.00,0.00,0.00,20.19,0.00,0.00,20.19,20.19,20.19,20.19,20.19,20.19,20.19,141.87,141.87,141.87,141.87,141.87,141.87,20.19,20.19,20.19,20.19,29.78,29.78,1670.52,1498.56,1488.60,1480.71,1480.71,819.56,884.52,884.52,884.52,796.13,796.13,819.56,819.56,1417.63,1417.63,964.23,964.23,1417.63,1130.53,1130.53,1369.64,1369.64,471.78,603.99,603.99,471.78,471.78,528.15,528.15,528.15,528.15,603.99,603.99,1383.17,1383.17,1383.17,2421.16,2465.61,2465.61,1881.03,1881.03,1825.81,1825.81,1855.10,1855.10,1960.02,1960.02,1960.02,1958.76,1958.76,1958.76,1958.76,2248.89,2248.89,2248.89,2248.89,2188.35,2852.17,2225.86,2225.86,2259.24,2259.24,2552.74,2552.74,946.11,946.11,946.11,946.11,1414.29,1414.29
FA6_D27,1555.48,1555.48,1555.48,1441.67,1379.43,1441.67,1441.67,1441.67,1441.67,1435.47,1379.43,1379.43,27.89,27.89,1262.47,1262.47,1262.47,1262.47,1262.47,1262.47,0.00,1262.47,1262.47,0.00,0.00,0.00,0.00,0.00,0.00,0.00,139.98,139.98,139.98,139.98,139.98,139.98,0.00,0.00,0.00,0.00,27.89,27.89,1650.33,1478.37,1468.41,1460.52,1460.52,799.37,864.33,864.33,864.33,775.94,775.94,799.37,799.37,1397.44,1397.44,944.04,944.04,1397.44,1110.34,1110.34,1349.45,1349.45,451.59,583.80,583.80,451.59,451.59,507.96,507.96,507.96,507.96,583.80,583.80,1381.28,1381.28,1381.28,2400.97,2445.42,2445.42,1860.84,1860.84,1805.62,1805.62,1834.91,1834.91,1939.83,1939.83,1939.83,1938.57,1938.57,1938.57,1938.57,2228.70,2228.70,2228.70,2228.70,2168.16,2831.98,2205.66,2205.66,2239.05,2239.05,2532.55,2532.55,925.92,925.92,925.92,925.92,1394.10,1394.10
FA6_D28,1555.48,1555.48,1555.48,1441.67,1379.43,1441.67,1441.67,1441.67,1441.67,1435.47,1379.43,1379.43,27.89,27.89,1262.47,1262.47,1262.47,1262.47,1262.47,1262.47,0.00,1262.47,1262.47,0.00,0.00,0.00,0.00,0.00,0.00,0.00,139.98,139.98,139.98,139.98,139.98,139.98,0.00,0.00,0.00,0.00,27.89,27.89,1650.33,1478.37,1468.41,1460.52,1460.52,799.37,864.33,864.33,864.33,775.94,775.94,799.37,799.37,1397.44,1397.44,944.04,944.04,1397.44,1110.34,1110.34,1349.45,1349.45,451.59,583.80,583.80,451.59,451.59,507.96,507.96,507.96,507.96,583.80,583.80,1381.28,1381.28,1381.28,2400.97,2445.42,2445.42,1860.84,1860.84,1805.62,1805.62,1834.91,1834.91,1939.83,1939.83,1939.83,1938.57,1938.57,1938.57,1938.57,2228.70,2228.70,2228.70,2228.70,2168.16,2831.98,2205.66,2205.66,2239.05,2239.05,2532.55,2532.55,925.92,925.92,925.92,925.92,1394.10,1394.10
FA6_D29,1555.48,1555.48,1555.48,1441.67,1379.43,1441.67,1441.67,1441.67,1441.67,1435.47,1379.43,1379.43,27.89,27.89,1262.47,1262.47,1262.47,1262.47,1262.47,1262.47,0.00,1262.47,1262.47,0.00,0.00,0.00,0.00,0.00,0.00,0.00,139.98,139.98,139.98,139.98,139.98,139.98,0.00,0.00,0.00,0.00,27.89,27.89,1650.33,1478.37,1468.41,1460.52,1460.52,799.37,864.33,864.33,864.33,775.94,775.94,799.37,799.37,1397.44,1397.44,944.04,944.04,1397.44,1110.34,1110.34,1349.45,1349.45,451.59,583.80,583.80,451.59,451.59,507.96,507.96,507.96,507.96,583.80,583.80,1381.28,1381.28,1381.28,2400.97,2445.42,2445.42,1860.84,1860.84,1805.62,1805.62,1834.91,1834.91,1939.83,1939.83,1939.83,1938.57,1938.57,1938.57,1938.57,2228.70,2228.70,2228.70,2228.70,2168.16,2831.98,2205.66,2205.66,2239.05,2239.05,2532.55,2532.55,925.92,925.92,925.92,925.92,1394.10,1394.10
FA6_D3,1555.48,1555.48,1555.48,1441.67,1379.43,1441.67,1441.67,1441.67,1441.67,1435.47,1379.43,1379.43,27.89,27.89,1262.47,1262.47,1262.47,1262.47,1262.47,1262.47,0.00,1262.47,1262.47,0.00,0.00,0.00,0.00,0.00,0.00,0.00,139.98,139.98,139.98,139.98,139.98,139.98,0.00,0.00,0.00,0.00,27.89,27.89,1650.33,1478.37,1468.41,1460.52,1460.52,799.37,864.33,864.33,864.33,775.94,775.94,799.37,799.37,1397.44,1397.44,944.04,944.04,1397.44,1110.34,1110.34,1349.45,1349.45,451.59,583.80,583.80,451.59,451.59,507.96,507.96,507.96,507.96,583.80,583.80,1381.28,1381.28,1381.28,2400.97,2445.42,2445.42,1860.84,1860.84,1805.62,1805.62,1834.91,1834.91,1939.83,1939.83,1939.83,1938.57,1938.57,1938.57,1938.57,2228.70,2228.70,2228.70,2228.70,2168.16,2831.98,2205.66,2205.66,2239.05,2239.05,2532.55,2532.55,925.92,925.92,925.92,925.92,1394.10,1394.10
FA6_D30,1555.48,1555.48,1555.48,1441.67,1379.43,1441.67,1441.67,1441.67,1441.67,1435.47,1379.43,1379.43,27.89,27.89,1262.47,1262.47,1262.47,1262.47,1262.47,1262.47,0.00,1262.47,1262.47,0.00,0.00,0.00,0.00,0.00,0.00,0.00,139.98,139.98,139.98,139.98,139.98,139.98,0.00,0.00,0.00,0.00,27.89,27.89,1650.33,1478.37,1468.41,1460.52,1460.52,799.37,864.33,864.33,864.33,775.94,775.94,799.37,799.37,1397.44,1397.44,944.04,944.04,1397.44,1110.34,1110.34,1349.45,1349.45,451.59,583.80,583.80,451.59,451.59,507.96,507.96,507.96,507.96,583.80,583.80,1381.28,1381.28,1381.28,2400.97,2445.42,2445.42,1860.84,1860.84,1805.62,1805.62,1834.91,1834.91,1939.83,1939.83,1939.83,1938.57,1938.57,1938.57,1938.57,2228.70,2228.70,2228.70,2228.70,2168.16,2831.98,2205.66,2205.66,2239.05,2239.05,2532.55,2532.55,925.92,925.92,925.92,925.92,1394.10,1394.10
FA6_D31,1555.48,1555.48,1555.48,1441.67,1379.43,1441.67,1441.67,1441.67,1441.67,1435.47,1379.43,1379.43,27.89,27.89,1262.47,1262.47,1262.47,1262.47,1262.47,1262.47,0.00,1262.47,1262.47,0.00,0.00,0.00,0.00,0.00,0.00,0.00,139.98,139.98,139.98,139.98,139.98,139.98,0.00,0.00,0.00,0.00,27.89,27.89,1650.33,1478.37,1468.41,1460.52,1460.52,799.37,864.33,864.33,864.33,775.94,775.94,799.37,799.37,1397.44,1397.44,944.04,944.04,1397.44,1110.34,1110.34,1349.45,1349.45,451.59,583.80,583.80,451.59,451.59,507.96,507.96,507.96,507.96,583.80,583.80,1381.28,1381.28,1381.28,2400.97,2445.42,2445.42,1860.84,1860.84,1805.62,1805.62,1834.91,1834.91,1939.83,1939.83,1939.83,1938.57,1938.57,1938.57,1938.57,2228.70,2228.70,2228.70,2228.70,2168.16,2831.98,2205.66,2205.66,2239.05,2239.05,2532.55,2532.55,925.92,925.92,925.92,925.92,1394.10,1394.10
FA6_D32,1555.48,1555.48,1555.48,1441.67,1379.43,1441.67,1441.67,1441.67,1441.67,1435.47,1379.43,1379.43,27.89,27.89,1262.47,1262.47,1262.47,1262.47,1262.47,1262.47,0.00,1262.47,1262.47,0.00,0.00,0.00,0.00,0.00,0.00,0.00,139.98,139.98,139.98,139.98,139.98,139.98,0.00,0.00,0.00,0.00,27.89,27.89,1650.33,1478.37,1468.41,1460.52,1460.52,799.37,864.33,864.33,864.33,775.94,775.94,799.37,799.37,1397.44,1397.44,944.04,944.04,1397.44,1110.34,1110.34,1349.45,1349.45,451.59,583.80,583.80,451.59,451.59,507.96,507.96,507.96,507.96,583.80,583.80,1381.28,1381.28,1381.28,2400.97,2445.42,2445.42,1860.84,1860.84,1805.62,1805.62,1834.91,1834.91,1939.83,1939.83,1939.83,1938.57,1938.57,1938.57,1938.57,2228.70,2228.70,2228.70,2228.70,2168.16,2831.98,2205.66,2205.66,2239.05,2239.05,2532.55,2532.55,925.92,925.92,925.92,925.92,1394.10,1394.10
FA6_D33,1647.95,1647.95,1647.95,1534.15,1471.91,1534.15,1534.15,1534.15,1534.15,1527.95,1471.91,1471.91,1152.27,1152.27,1122.49,1122.49,1122.49,1122.49,1122.49,1122.49,1142.68,1122.49,1122.49,1142.68,1142.68,1142.68,1142.68,1142.68,1142.68,1142.68,0.00,0.00,0.00,0.00,0.00,0.00,1142.68,1142.68,1142.68,1142.68,1152.27,1152.27,1969.43,1797.47,1787.51,1779.62,1779.62,1213.79,1278.75,1278.75,1278.75,1190.36,1190.36,1213.79,1213.79,1811.86,1811.86,1144.91,1144.91,1811.86,1524.76,1524.76,1763.87,1763.87,866.01,998.22,998.22,866.01,866.01,922.38,922.38,922.38,922.38,998.22,998.22,1241.30,1241.30,1241.30,2685.42,2729.87,2729.87,2201.86,2201.86,2090.07,2090.07,2119.36,2119.36,2224.28,2224.28,2224.28,2223.03,2223.03,2223.03,2223.03,2513.15,2513.15,2513.15,2513.15,2452.61,3116.43,2490.12,2490.12,2523.50,2523.50,2817.00,2817.00,1340.34,1340.34,1340.34,1340.34,1808.52,1808.52
FA6_D34,1647.95,1647.95,1647.95,1534.15,1471.91,1534.15,1534.15,1534.15,1534.15,1527.95,1471.91,1471.91,1152.27,1152.27,1122.49,1122.49,1122.49,1122.49,1122.49,1122.49,1142.68,1122.49,1122.49,1142.68,1142.68,1142.68,1142.68,1142.68,1142.68,1142.68,0.00,0.00,0.00,0.00,0.00,0.00,1142.68,1142.68,1142.68,1142.68,1152.27,1152.27,1969.43,1797.47,1787.51,1779.62,1779.62,1213.79,1278.75,1278.75,1278.75,1190.36,1190.36,1213.79,1213.79,1811.86,1811.86,1144.91,1144.91,1811.86,1524.76,1524.76,1763.87,1763.87,866.01,998.22,998.22,866.01,866.01,922.38,922.38,922.38,922.38,998.22,998.22,1241.30,1241.30,1241.30,2685.42,2729.87,2729.87,2201.86,2201.86,2090.07,2090.07,2119.36,2119.36,2224.28,2224.28,2224.28,2223.03,2223.03,2223.03,2223.03,2513.15,2513.15,2513.15,2513.15,2452.61,3116.43,2490.12,2490.12,2523.50,2523.50,2817.00,2817.00,1340.34,1340.34,1340.34,1340.34,1808.52,1808.52
FA6_D35,1647.95,1647.95,1647.95,1534.15,1471.91,1534.15,1534.15,1534.15,1534.15,1527.95,1471.91,1471.91,1152.27,1152.27,1122.49,1122.49,1122.49,1122.49,1122.49,1122.49,1142.68,1122.49,1122.49,1142.68,1142.68,1142.68,1142.68,1142.68,1142.68,1142.68,0.00,0.00,0.00,0.00,0.00,0.00,1142.68,1142.68,1142.68,1142.68,1152.27,1152.27,1969.43,1797.47,1787.51,1779.62,1779.62,1213.79,1278.75,1278.75,1278.75,1190.36,1190.36,1213.79,1213.79,1811.86,1811.86,1144.91,1144.91,1811.86,1524.76,1524.76,1763.87,1763.87,866.01,998.22,998.22,866.01,866.01,922.38,922.38,922.38,922.38,998.22,998.22,1241.30,1241.30,1241.30,2685.42,2729.87,2729.87,2201.86,2201.86,2090.07,2090.07,2119.36,2119.36,2224.28,2224.28,2224.28,2223.03,2223.03,2223.03,2223.03,2513.15,2513.15,2513.15,2513.15,2452.61,3116.43,2490.12,2490.12,2523.50,2523.50,2817.00,2817.00,1340.34,1340.34,1340.34,1340.34,1808.52,1808.52
FA6_D36,1647.95,1647.95,1647.95,1534.15,1471.91,1534.15,1534.15,1534.15,1534.15,1527.95,1471.91,1471.91,1152.27,1152.27,1122.49,1122.49,1122.49,1122.49,1122.49,1122.49,1142.68,1122.49,1122.49,1142.68,1142.68,1142.68,1142.68,1142.68,1142.68,1142.68,0.00,0.00,0.00,0.00,0.00,0.00,1142.68,1142.68,1142.68,1142.68,1152.27,1152.27,1969.43,1797.47,1787.51,1779.62,1779.62,1213.79,1278.75,1278.75,1278.75,1190.36,1190.36,1213.79,1213.79,1811.86,1811.86,1144.91,1144.91,1811.86,1524.76,1524.76,1763.87,1763.87,866.01,998.22,998.22,866.01,866.01,922.38,922.38,922.38,922.38,998.22,998.22,1241.30,1241.30,1241.30,2685.42,2729.87,2729.87,2201.86,2201.86,2090.07,2090.07,2119.36,2119.36,2224.28,2224.28,2224.28,2223.03,2223.03,2223.03,2223.03,2513.15,2513.15,2513.15,2513.15,2452.61,3116.43,2490.12,2490.12,2523.50,2523.50,2817.00,2817.00,1340.34,1340.34,1340.34,1340.34,1808.52,1808.52
FA6_D37,1647.95,1647.95,1647.95,1534.15,1471.91,1534.15,1534.15,1534.15,1534.15,1527.95,1471.91,1471.91,1152.27,1152.27,1122.49,1122.49,1122.49,1122.49,1122.49,1122.49,1142.68,1122.49,1122.49,1142.68,1142.68,1142.68,1142.68,1142.68,1142.68,1142.68,0.00,0.00,0.00,0.00,0.00,0.00,1142.68,1142.68,1142.68,1142.68,1152.27,1152.27,1969.43,1797.47,1787.51,1779.62,1779.62,1213.79,1278.75,1278.75,1278.75,1190.36,1190.36,1213.79,1213.79,1811.86,1811.86,1144.91,1144.91,1811.86,1524.76,1524.76,1763.87,1763.87,866.01,998.22,998.22,866.01,866.01,922.38,922.38,922.38,922.38,998.22,998.22,1241.30,1241.30,1241.30,2685.42,2729.87,2729.87,2201.86,2201.86,2090.07,2090.07,2119.36,2119.36,2224.28,2224.28,2224.28,2223.03,2223.03,2223.03,2223.03,2513.15,2513.15,2513.15,2513.15,2452.61,3116.43,2490.12,2490.12,2523.50,2523.50,2817.00,2817.00,1340.34,1340.34,1340.34,1340.34,1808.52,1808.52
FA6_D38,1647.95,1647.95,1647.95,1534.15,1471.91,1534.15,1534.15,1534.15,1534.15,1527.95,1471.91,1471.91,1152.27,1152.27,1122.49,1122.49,1122.49,1122.49,1122.49,1122.49,1142.68,1122.49,1122.49,1142.68,1142.68,1142.68,1142.68,1142.68,1142.68,1142.68,0.00,0.00,0.00,0.00,0.00,0.00,1142.68,1142.68,1142.68,1142.68,1152.27,1152.27,1969.43,1797.47,1787.51,1779.62,1779.62,1213.79,1278.75,1278.75,1278.75,1190.36,1190.36,1213.79,1213.79,1811.86,1811.86,1144.91,1144.91,1811.86,1524.76,1524.76,1763.87,1763.87,866.01,998.22,998.22,866.01,866.01,922.38,922.38,922.38,922.38,998.22,998.22,1241.30,1241.30,1241.30,2685.42,2729.87,2729.87,2201.86,2201.86,2090.07,2090.07,2119.36,2119.36,2224.28,2224.28,2224.28,2223.03,2223.03,2223.03,2223.03,2513.15,2513.15,2513.15,2513.15,2452.61,3116.43,2490.12,2490.12,2523.50,2523.50,2817.00,2817.00,1340.34,1340.34,1340.34,1340.34,1808.52,1808.52
FA6_D4,1555.48,1555.48,1555.48,1441.67,1379.43,1441.67,1441.67,1441.67,1441.67,1435.47,1379.43,1379.43,27.89,27.89,1262.47,1262.47,1262.47,1262.47,1262.47,1262.47,0.00,1262.47,1262.47,0.00,0.00,0.00,0.00,0.00,0.00,0.00,139.98,139.98,139.98,139.98,139.98,139.98,0.00,0.00,0.00,0.00,27.89,27.89,1650.33,1478.37,1468.41,1460.52,1460.52,799.37,864.33,864.33,864.33,775.94,775.94,799.37,799.37,1397.44,1397.44,944.04,944.04,1397.44,1110.34,1110.34,1349.45,1349.45,451.59,583.80,583.80,451.59,451.59,507.96,507.96,507.96,507.96,583.80,583.80,1381.28,1381.28,1381.28,2400.97,2445.42,2445.42,1860.84,1860.84,1805.62,1805.62,1834.91,1834.91,1939.83,1939.83,1939.83,1938.57,1938.57,1938.57,1938.57,2228.70,2228.70,2228.70,2228.70,2168.16,2831.98,2205.66,2205.66,2239.05,2239.05,2532.55,2532.55,925.92,925.92,925.92,925.92,1394.10,1394.10
FA6_D5,1555.48,1555.48,1555.48,1441.67,1379.43,1441.67,1441.67,1441.67,1441.67,1435.47,1379.43,1379.43,27.89,27.89,1262.47,1262.47,1262.47,1262.47,1262.47,1262.47,0.00,1262.47,1262.47,0.00,0.00,0.00,0.00,0.00,0.00,0.00,139.98,139.98,139.98,139.98,139.98,139.98,0.00,0.00,0.00,0.00,27.89,27.89,1650.33,1478.37,1468.41,1460.52,1460.52,799.37,864.33,864.33,864.33,775.94,775.94,799.37,799.37,1397.44,1397.44,944.04,944.04,1397.44,1110.34,1110.34,1349.45,1349.45,451.59,583.80,583.80,451.59,451.59,507.96,507.96,507.96,507.96,583.80,583.80,1381.28,1381.28,1381.28,2400.97,2445.42,2445.42,1860.84,1860.84,1805.62,1805.62,1834.91,1834.91,1939.83,1939.83,1939.83,1938.57,1938.57,1938.57,1938.57,2228.70,2228.70,2228.70,2228.70,2168.16,2831.98,2205.66,2205.66,2239.05,2239.05,2532.55,2532.55,925.92,925.92,925.92,925.92,1394.10,1394.10
FA6_D6,1555.48,1555.48,1555.48,1441.67,1379.43,1441.67,1441.67,1441.67,1441.67,1435.47,1379.43,1379.43,27.89,27.89,1262.47,1262.47,1262.47,1262.47,1262.47,1262.47,0.00,1262.47,1262.47,0.00,0.00,0.00,0.00,0.00,0.00,0.00,139.98,139.98,139.98,139.98,139.98,139.98,0.00,0.00,0.00,0.00,27.89,27.89,1650.33,1478.37,1468.41,1460.52,1460.52,799.37,864.33,864.33,864.33,775.94,775.94,799.37,799.37,1397.44,1397.44,944.04,944.04,1397.44,1110.34,1110.34,1349.45,1349.45,451.59,583.80,583.80,451.59,451.59,507.96,507.96,507.96,507.96,583.80,583.80,1381.28,1381.28,1381.28,2400.97,2445.42,2445.42,1860.84,1860.84,1805.62,1805.62,1834.91,1834.91,1939.83,1939.83,1939.83,1938.57,1938.57,1938.57,1938.57,2228.70,2228.70,2228.70,2228.70,2168.16,2831.98,2205.66,2205.66,2239.05,2239.05,2532.55,2532.55,925.92,925.92,925.92,925.92,1394.10,1394.10
FA6_D7,1555.48,1555.48,1555.48,1441.67,1379.43,1441.67,1441.67,1441.67,1441.67,1435.47,1379.43,1379.43,27.89,27.89,1262.47,1262.47,1262.47,1262.47,1262.47,1262.47,0.00,1262.47,1262.47,0.00,0.00,0.00,0.00,0.00,0.00,0.00,139.98,139.98,139.98,139.98,139.98,139.98,0.00,0.00,0.00,0.00,27.89,27.89,1650.33,1478.37,1468.41,1460.52,1460.52,799.37,864.33,864.33,864.33,775.94,775.94,799.37,799.37,1397.44,1397.44,944.04,944.04,1397.44,1110.34,1110.34,1349.45,1349.45,451.59,583.80,583.80,451.59,451.59,507.96,507.96,507.96,507.96,583.80,583.80,1381.28,1381.28,1381.28,2400.97,2445.42,2445.42,1860.84,1860.84,1805.62,1805.62,1834.91,1834.91,1939.83,1939.83,1939.83,1938.57,1938.57,1938.57,1938.57,2228.70,2228.70,2228.70,2228.70,2168.16,2831.98,2205.66,2205.66,2239.05,2239.05,2532.55,2532.55,925.92,925.92,925.92,925.92,1394.10,1394.10
FA6_D8,1760.05,1760.05,1760.05,1646.24,1584.00,1646.24,1646.24,1646.24,1646.24,1640.04,1584.00,1584.00,0.00,0.00,1234.58,1234.58,1234.58,1234.58,1234.58,1234.58,1254.77,1234.58,1234.58,1254.77,1254.77,1254.77,1254.77,1254.77,1254.77,1254.77,112.09,112.09,112.09,112.09,112.09,112.09,1254.77,1254.77,1254.77,1254.77,0.00,0.00,2081.52,1909.57,1899.61,1891.71,1891.71,1325.88,1390.84,1390.84,1390.84,1302.46,1302.46,1325.88,1325.88,1923.95,1923.95,1257.00,1257.00,1923.95,1636.85,1636.85,1875.96,1875.96,978.10,1110.31,1110.31,978.10,978.10,1034.47,1034.47,1034.47,1034.47,1110.31,1110.31,1353.39,1353.39,1353.39,2797.51,2841.97,2841.97,2313.95,2313.95,2202.16,2202.16,2231.46,2231.46,2336.37,2336.37,2336.37,2335.12,2335.12,2335.12,2335.12,2625.24,2625.24,2625.24,2625.24,2564.70,3228.52,2602.21,2602.21,2635.59,2635.59,2929.09,2929.09,1452.43,1452.43,1452.43,1452.43,1920.61,1920.61
FA6_D9,1760.05,1760.05,1760.05,1646.24,1584.00,1646.24,1646.24,1646.24,1646.24,1640.04,1584.00,1584.00,0.00,0.00,1234.58,1234.58,1234.58,1234.58,1234.58,1234.58,1254.77,1234.58,1234.58,1254.77,1254.77,1254.77,1254.77,1254.77,1254.77,1254.77,112.09,112.09,112.09,112.09,112.09,112.09,1254.77,1254.77,1254.77,1254.77,0.00,0.00,2081.52,1909.57,1899.61,1891.71,1891.71,1325.88,1390.84,1390.84,1390.84,1302.46,1302.46,1325.88,1325.88,1923.95,1923.95,1257.00,1257.00,1923.95,1636.85,1636.85,1875.96,1875.96,978.10,1110.31,1110.31,978.10,978.10,1034.47,1034.47,1034.47,1034.47,1110.31,1110.31,1353.39,1353.39,1353.39,2797.51,2841.97,2841.97,2313.95,2313.95,2202.16,2202.16,2231.46,2231.46,2336.37,2336.37,2336.37,2335.12,2335.12,2335.12,2335.12,2625.24,2625.24,2625.24,2625.24,2564.70,3228.52,2602.21,2602.21,2635.59,2635.59,2929.09,2929.09,1452.43,1452.43,1452.43,1452.43,1920.61,1920.61
G3_D1(KFZ1),771.21,771.21,771.21,534.27,531.72,534.27,534.27,534.27,534.27,528.07,531.72,531.72,1083.16,1083.16,1575.17,1575.17,1575.17,1575.17,1575.17,1575.17,1055.27,1575.17,1575.17,1055.27,1055.27,1055.27,1055.27,1055.27,1055.27,1055.27,1195.25,1195.25,1195.25,1195.25,1195.25,1195.25,1055.27,1055.27,1055.27,1055.27,1083.16,1083.16,0.00,21.25,31.13,39.10,39.10,494.48,778.18,778.18,778.18,919.76,919.76,494.48,494.48,534.19,534.19,681.22,681.22,534.19,247.09,247.09,474.53,474.53,1127.17,875.49,875.49,1127.17,1127.17,829.15,829.15,829.15,829.15,875.49,875.49,1693.98,1693.98,1693.98,1344.20,1388.65,1388.65,461.34,461.34,748.85,748.85,778.15,778.15,883.06,883.06,883.06,881.81,881.81,881.81,881.81,1171.93,1171.93,1171.93,1171.93,1111.39,1775.21,1148.90,1148.90,1182.28,1182.28,1475.78,1475.78,593.28,593.28,593.28,593.28,302.82,302.82
G3_D2(KFZ1),749.96,749.96,749.96,513.02,510.48,513.02,513.02,513.02,513.02,506.82,510.48,510.48,1470.15,1470.15,1842.90,1842.90,1842.90,1842.90,1842.90,1842.90,1442.26,1842.90,1842.90,1442.26,1442.26,1442.26,1442.26,1442.26,1442.26,1442.26,1582.24,1582.24,1582.24,1582.24,1582.24,1582.24,1442.26,1442.26,1442.26,1442.26,1470.15,1470.15,845.88,0.00,663.96,17.85,17.85,881.46,756.93,756.93,756.93,898.51,898.51,881.46,881.46,921.18,921.18,1068.20,1068.20,921.18,634.08,634.08,453.28,453.28,1514.16,1262.48,1262.48,1514.16,1514.16,1216.13,1216.13,1216.13,1216.13,1262.48,1262.48,1961.71,1961.71,1961.71,1322.95,1367.41,1367.41,440.09,440.09,727.60,727.60,756.90,756.90,861.81,861.81,861.81,860.56,860.56,860.56,860.56,1150.68,1150.68,1150.68,1150.68,1090.14,1753.96,1127.65,1127.65,1161.03,1161.03,1454.53,1454.53,572.03,572.03,572.03,572.03,281.57,281.57
G3_D3(KFZ2),933.60,933.60,933.60,652.66,694.11,652.66,652.66,652.66,652.66,618.19,694.11,694.11,1052.03,1052.03,1544.04,1544.04,1544.04,1544.04,1544.04,1544.04,1024.14,1544.04,1544.04,1024.14,1024.14,1024.14,1024.14,1024.14,1024.14,1024.14,1164.12,1164.12,1164.12,1164.12,1164.12,1164.12,1024.14,1024.14,1024.14,1024.14,1052.03,1052.03,181.91,203.16,0.00,221.02,221.02,463.35,774.79,774.79,774.79,916.38,916.38,463.35,463.35,503.06,503.06,650.09,650.09,503.06,215.96,215.96,656.45,656.45,1096.04,844.36,844.36,1096.04,1096.04,798.02,798.02,798.02,798.02,844.36,844.36,1662.85,1662.85,1662.85,1506.59,1551.04,1551.04,643.25,643.25,911.24,911.24,940.53,940.53,1045.45,1045.45,1045.45,1044.19,1044.19,1044.19,1044.19,1334.31,1334.31,1334.31,1334.31,1273.78,1937.60,1311.28,1311.28,1344.67,1344.67,1638.16,1638.16,589.90,589.90,589.90,589.90,484.74,484.74
G3_D4(KFZ2),732.11,732.11,732.11,495.17,492.62,495.17,495.17,495.17,495.17,488.97,492.62,492.62,1488.00,1488.00,1860.75,1860.75,1860.75,1860.75,1860.75,1860.75,1460.11,1860.75,1860.75,1460.11,1460.11,1460.11,1460.11,1460.11,1460.11,1460.11,1600.09,1600.09,1600.09,1600.09,1600.09,1600.09,1460.11,1460.11,1460.11,1460.11,1488.00,1488.00,828.03,17.85,646.11,0.00,0.00,899.32,774.78,774.78,774.78,916.37,916.37,899.32,899.32,939.03,939.03,1086.06,1086.06,939.03,651.93,651.93,471.13,471.13,1532.01,1280.33,1280.33,1532.01,1532.01,1233.99,1233.99,1233.99,1233.99,1280.33,1280.33,1979.56,1979.56,1979.56,1305.10,1349.55,1349.55,422.24,422.24,709.75,709.75,739.04,739.04,843.96,843.96,843.96,842.70,842.70,842.70,842.70,1132.83,1132.83,1132.83,1132.83,1072.29,1736.11,1109.80,1109.80,1143.18,1143.18,1436.68,1436.68,589.88,589.88,589.88,589.88,299.43,299.43
G3_D5(KFZ3),732.11,732.11,732.11,495.17,492.62,495.17,495.17,495.17,495.17,488.97,492.62,492.62,1488.00,1488.00,1860.75,1860.75,1860.75,1860.75,1860.75,1860.75,1460.11,1860.75,1860.75,1460.11,1460.11,1460.11,1460.11,1460.11,1460.11,1460.11,1600.09,1600.09,1600.09,1600.09,1600.09,1600.09,1460.11,1460.11,1460.11,1460.11,1488.00,1488.00,828.03,17.85,646.11,0.00,0.00,899.32,774.78,774.78,774.78,916.37,916.37,899.32,899.32,939.03,939.03,1086.06,1086.06,939.03,651.93,651.93,471.13,471.13,1532.01,1280.33,1280.33,1532.01,1532.01,1233.99,1233.99,1233.99,1233.99,1280.33,1280.33,1979.56,1979.56,1979.56,1305.10,1349.55,1349.55,422.24,422.24,709.75,709.75,739.04,739.04,843.96,843.96,843.96,842.70,842.70,842.70,842.70,1132.83,1132.83,1132.83,1132.83,1072.29,1736.11,1109.80,1109.80,1143.18,1143.18,1436.68,1436.68,589.88,589.88,589.88,589.88,299.43,299.43
HB1_D1,1028.61,1028.61,1028.61,747.68,789.12,747.68,747.68,747.68,747.68,713.20,789.12,789.12,1147.04,1147.04,1397.42,1397.42,1397.42,1397.42,1397.42,1397.42,1119.16,1397.42,1397.42,1119.16,1119.16,1119.16,1119.16,1119.16,1119.16,1119.16,1259.13,1259.13,1259.13,1259.13,1259.13,1259.13,1119.16,1119.16,1119.16,1119.16,1147.04,1147.04,850.96,679.00,669.05,661.15,661.15,0.00,311.45,311.45,311.45,453.03,453.03,0.00,0.00,598.07,598.07,745.10,745.10,598.07,310.97,310.97,550.08,550.08,1191.05,939.38,939.38,1191.05,1191.05,893.03,893.03,893.03,893.03,939.38,939.38,1516.23,1516.23,1516.23,1601.60,1646.05,1646.05,1061.47,1061.47,1006.25,1006.25,1035.55,1035.55,1140.46,1140.46,1140.46,1139.20,1139.20,1139.20,1139.20,1429.33,1429.33,1429.33,1429.33,1368.79,2032.61,1406.30,1406.30,1439.68,1439.68,1733.18,1733.18,126.55,126.55,126.55,126.55,594.73,594.73
HB1_D13,1193.62,1193.62,1193.62,912.68,954.13,912.68,912.68,912.68,912.68,878.21,954.13,954.13,1312.05,1312.05,1562.43,1562.43,1562.43,1562.43,1562.43,1562.43,1284.17,1562.43,1562.43,1284.17,1284.17,1284.17,1284.17,1284.17,1284.17,1284.17,1424.14,1424.14,1424.14,1424.14,1424.14,1424.14,1284.17,1284.17,1284.17,1284.17,1312.05,1312.05,1015.97,844.01,834.05,826.16,826.16,165.01,0.00,0.00,0.00,141.59,141.59,165.01,165.01,763.08,763.08,910.11,910.11,763.08,475.98,475.98,715.09,715.09,1356.06,1104.38,1104.38,1356.06,1356.06,1058.04,1058.04,1058.04,1058.04,1104.38,1104.38,1681.24,1681.24,1681.24,1766.61,1811.06,1811.06,1226.48,1226.48,1171.26,1171.26,1200.55,1200.55,1305.47,1305.47,1305.47,1304.21,1304.21,1304.21,1304.21,1594.34,1594.34,1594.34,1594.34,1533.80,2197.62,1571.31,1571.31,1604.69,1604.69,1898.19,1898.19,291.56,291.56,291.56,291.56,759.74,759.74
HB1_D14,1193.62,1193.62,1193.62,912.68,954.13,912.68,912.68,912.68,912.68,878.21,954.13,954.13,1312.05,1312.05,1562.43,1562.43,1562.43,1562.43,1562.43,1562.43,1284.17,1562.43,1562.43,1284.17,1284.17,1284.17,1284.17,1284.17,1284.17,1284.17,1424.14,1424.14,1424.14,1424.14,1424.14,1424.14,1284.17,1284.17,1284.17,1284.17,1312.05,1312.05,1015.97,844.01,834.05,826.16,826.16,165.01,0.00,0.00,0.00,141.59,141.59,165.01,165.01,763.08,763.08,910.11,910.11,763.08,475.98,475.98,715.09,715.09,1356.06,1104.38,1104.38,1356.06,1356.06,1058.04,1058.04,1058.04,1058.04,1104.38,1104.38,1681.24,1681.24,1681.24,1766.61,1811.06,1811.06,1226.48,1226.48,1171.26,1171.26,1200.55,1200.55,1305.47,1305.47,1305.47,1304.21,1304.21,1304.21,1304.21,1594.34,1594.34,1594.34,1594.34,1533.80,2197.62,1571.31,1571.31,1604.69,1604.69,1898.19,1898.19,291.56,291.56,291.56,291.56,759.74,759.74
HB1_D15,1193.62,1193.62,1193.62,912.68,954.13,912.68,912.68,912.68,912.68,878.21,954.13,954.13,1312.05,1312.05,1562.43,1562.43,1562.43,1562.43,1562.43,1562.43,1284.17,1562.43,1562.43,1284.17,1284.17,1284.17,1284.17,1284.17,1284.17,1284.17,1424.14,1424.14,1424.14,1424.14,1424.14,1424.14,1284.17,1284.17,1284.17,1284.17,1312.05,1312.05,1015.97,844.01,834.05,826.16,826.16,165.01,0.00,0.00,0.00,141.59,141.59,165.01,165.01,763.08,763.08,910.11,910.11,763.08,475.98,475.98,715.09,715.09,1356.06,1104.38,1104.38,1356.06,1356.06,1058.04,1058.04,1058.04,1058.04,1104.38,1104.38,1681.24,1681.24,1681.24,1766.61,1811.06,1811.06,1226.48,1226.48,1171.26,1171.26,1200.55,1200.55,1305.47,1305.47,1305.47,1304.21,1304.21,1304.21,1304.21,1594.34,1594.34,1594.34,1594.34,1533.80,2197.62,1571.31,1571.31,1604.69,1604.69,1898.19,1898.19,291.56,291.56,291.56,291.56,759.74,759.74
HB1_D16,1052.03,1052.03,1052.03,771.10,812.55,771.10,771.10,771.10,771.10,736.63,812.55,812.55,1170.46,1170.46,1420.84,1420.84,1420.84,1420.84,1420.84,1420.84,1142.58,1420.84,1420.84,1142.58,1142.58,1142.58,1142.58,1142.58,1142.58,1142.58,1282.56,1282.56,1282.56,1282.56,1282.56,1282.56,1142.58,1142.58,1142.58,1142.58,1170.46,1170.46,874.38,702.43,692.47,684.58,684.58,23.42,334.87,334.87,334.87,0.00,0.00,23.42,23.42,621.49,621.49,768.52,768.52,621.49,334.40,334.40,573.51,573.51,1214.47,962.80,962.80,1214.47,1214.47,916.45,916.45,916.45,916.45,962.80,962.80,1539.65,1539.65,1539.65,1625.02,1669.48,1669.48,1084.90,1084.90,1029.67,1029.67,1058.97,1058.97,1163.88,1163.88,1163.88,1162.63,1162.63,1162.63,1162.63,1452.75,1452.75,1452.75,1452.75,1392.21,2056.03,1429.72,1429.72,1463.10,1463.10,1756.60,1756.60,149.97,149.97,149.97,149.97,618.15,618.15
HB1_D17,1052.03,1052.03,1052.03,771.10,812.55,771.10,771.10,771.10,771.10,736.63,812.55,812.55,1170.46,1170.46,1420.84,1420.84,1420.84,1420.84,1420.84,1420.84,1142.58,1420.84,1420.84,1142.58,1142.58,1142.58,1142.58,1142.58,1142.58,1142.58,1282.56,1282.56,1282.56,1282.56,1282.56,1282.56,1142.58,1142.58,1142.58,1142.58,1170.46,1170.46,874.38,702.43,692.47,684.58,684.58,23.42,334.87,334.87,334.87,0.00,0.00,23.42,23.42,621.49,621.49,768.52,768.52,621.49,334.40,334.40,573.51,573.51,1214.47,962.80,962.80,1214.47,1214.47,916.45,916.45,916.45,916.45,962.80,962.80,1539.65,1539.65,1539.65,1625.02,1669.48,1669.48,1084.90,1084.90,1029.67,1029.67,1058.97,1058.97,1163.88,1163.88,1163.88,1162.63,1162.63,1162.63,1162.63,1452.75,1452.75,1452.75,1452.75,1392.21,2056.03,1429.72,1429.72,1463.10,1463.10,1756.60,1756.60,149.97,149.97,149.97,149.97,618.15,618.15
HB1_D2,1028.61,1028.61,1028.61,747.68,789.12,747.68,747.68,747.68,747.68,713.20,789.12,789.12,1147.04,1147.04,1397.42,1397.42,1397.42,1397.42,1397.42,1397.42,1119.16,1397.42,1397.42,1119.16,1119.16,1119.16,1119.16,1119.16,1119.16,1119.16,1259.13,1259.13,1259.13,1259.13,1259.13,1259.13,1119.16,1119.16,1119.16,1119.16,1147.04,1147.04,850.96,679.00,669.05,661.15,661.15,0.00,311.45,311.45,311.45,453.03,453.03,0.00,0.00,598.07,598.07,745.10,745.10,598.07,310.97,310.97,550.08,550.08,1191.05,939.38,939.38,1191.05,1191.05,893.03,893.03,893.03,893.03,939.38,939.38,1516.23,1516.23,1516.23,1601.60,1646.05,1646.05,1061.47,1061.47,1006.25,1006.25,1035.55,1035.55,1140.46,1140.46,1140.46,1139.20,1139.20,1139.20,1139.20,1429.33,1429.33,1429.33,1429.33,1368.79,2032.61,1406.30,1406.30,1439.68,1439.68,1733.18,1733.18,126.55,126.55,126.55,126.55,594.73,594.73
HB1_D3,1028.61,1028.61,1028.61,747.68,789.12,747.68,747.68,747.68,747.68,713.20,789.12,789.12,1147.04,1147.04,1397.42,1397.42,1397.42,1397.42,1397.42,1397.42,1119.16,1397.42,1397.42,1119.16,1119.16,1119.16,1119.16,1119.16,1119.16,1119.16,1259.13,1259.13,1259.13,1259.13,1259.13,1259.13,1119.16,1119.16,1119.16,1119.16,1147.04,1147.04,850.96,679.00,669.05,661.15,661.15,0.00,311.45,311.45,311.45,453.03,453.03,0.00,0.00,598.07,598.07,745.10,745.10,598.07,310.97,310.97,550.08,550.08,1191.05,939.38,939.38,1191.05,1191.05,893.03,893.03,893.03,893.03,939.38,939.38,1516.23,1516.23,1516.23,1601.60,1646.05,1646.05,1061.47,1061.47,1006.25,1006.25,1035.55,1035.55,1140.46,1140.46,1140.46,1139.20,1139.20,1139.20,1139.20,1429.33,1429.33,1429.33,1429.33,1368.79,2032.61,1406.30,1406.30,1439.68,1439.68,1733.18,1733.18,126.55,126.55,126.55,126.55,594.73,594.73
HB1_D4,1121.74,1121.74,1121.74,840.81,882.25,840.81,840.81,840.81,840.81,806.33,882.25,882.25,548.97,548.97,1040.98,1040.98,1040.98,1040.98,1040.98,1040.98,521.09,1040.98,1040.98,521.09,521.09,521.09,521.09,521.09,521.09,521.09,661.06,661.06,661.06,661.06,661.06,661.06,521.09,521.09,521.09,521.09,548.97,548.97,944.09,772.14,762.18,754.28,754.28,93.13,404.58,404.58,404.58,533.45,533.45,93.13,93.13,0.00,0.00,147.03,147.03,0.00,404.11,404.11,643.22,643.22,592.98,341.31,341.31,592.98,592.98,294.96,294.96,294.96,294.96,341.31,341.31,1159.79,1159.79,1159.79,1694.73,1739.18,1739.18,1154.61,1154.61,1099.38,1099.38,1128.68,1128.68,1233.59,1233.59,1233.59,1232.34,1232.34,1232.34,1232.34,1522.46,1522.46,1522.46,1522.46,1461.92,2125.74,1499.43,1499.43,1532.81,1532.81,1826.31,1826.31,219.68,219.68,219.68,219.68,687.86,687.86
HB1_D5,1121.74,1121.74,1121.74,840.81,882.25,840.81,840.81,840.81,840.81,806.33,882.25,882.25,548.97,548.97,1040.98,1040.98,1040.98,1040.98,1040.98,1040.98,521.09,1040.98,1040.98,521.09,521.09,521.09,521.09,521.09,521.09,521.09,661.06,661.06,661.06,661.06,661.06,661.06,521.09,521.09,521.09,521.09,548.97,548.97,944.09,772.14,762.18,754.28,754.28,93.13,404.58,404.58,404.58,533.45,533.45,93.13,93.13,0.00,0.00,147.03,147.03,0.00,404.11,404.11,643.22,643.22,592.98,341.31,341.31,592.98,592.98,294.96,294.96,294.96,294.96,341.31,341.31,1159.79,1159.79,1159.79,1694.73,1739.18,1739.18,1154.61,1154.61,1099.38,1099.38,1128.68,1128.68,1233.59,1233.59,1233.59,1232.34,1232.34,1232.34,1232.34,1522.46,1522.46,1522.46,1522.46,1461.92,2125.74,1499.43,1499.43,1532.81,1532.81,1826.31,1826.31,219.68,219.68,219.68,219.68,687.86,687.86
HB1_D6,1130.52,1130.52,1130.52,849.58,891.03,849.58,849.58,849.58,849.58,815.11,891.03,891.03,528.57,528.57,1020.59,1020.59,1020.59,1020.59,1020.59,1020.59,500.69,1020.59,1020.59,500.69,500.69,500.69,500.69,500.69,500.69,500.69,640.67,640.67,640.67,640.67,640.67,640.67,500.69,500.69,500.69,500.69,528.57,528.57,952.87,780.91,770.95,763.06,763.06,101.91,413.35,413.35,413.35,513.05,513.05,101.91,101.91,699.98,699.98,0.00,0.00,699.98,412.88,412.88,651.99,651.99,572.58,320.91,320.91,572.58,572.58,274.56,274.56,274.56,274.56,320.91,320.91,1139.39,1139.39,1139.39,1703.51,1747.96,1747.96,1163.38,1163.38,1108.16,1108.16,1137.45,1137.45,1242.37,1242.37,1242.37,1241.11,1241.11,1241.11,1241.11,1531.23,1531.23,1531.23,1531.23,1470.69,2134.52,1508.20,1508.20,1541.59,1541.59,1835.08,1835.08,228.46,228.46,228.46,228.46,696.64,696.64
HB1_D7,1130.52,1130.52,1130.52,849.58,891.03,849.58,849.58,849.58,849.58,815.11,891.03,891.03,528.57,528.57,1020.59,1020.59,1020.59,1020.59,1020.59,1020.59,500.69,1020.59,1020.59,500.69,500.69,500.69,500.69,500.69,500.69,500.69,640.67,640.67,640.67,640.67,640.67,640.67,500.69,500.69,500.69,500.69,528.57,528.57,952.87,780.91,770.95,763.06,763.06,101.91,413.35,413.35,413.35,513.05,513.05,101.91,101.91,699.98,699.98,0.00,0.00,699.98,412.88,412.88,651.99,651.99,572.58,320.91,320.91,572.58,572.58,274.56,274.56,274.56,274.56,320.91,320.91,1139.39,1139.39,1139.39,1703.51,1747.96,1747.96,1163.38,1163.38,1108.16,1108.16,1137.45,1137.45,1242.37,1242.37,1242.37,1241.11,1241.11,1241.11,1241.11,1531.23,1531.23,1531.23,1531.23,1470.69,2134.52,1508.20,1508.20,1541.59,1541.59,1835.08,1835.08,228.46,228.46,228.46,228.46,696.64,696.64
HB1_D8,1121.74,1121.74,1121.74,840.81,882.25,840.81,840.81,840.81,840.81,806.33,882.25,882.25,548.97,548.97,1040.98,1040.98,1040.98,1040.98,1040.98,1040.98,521.09,1040.98,1040.98,521.09,521.09,521.09,521.09,521.09,521.09,521.09,661.06,661.06,661.06,661.06,661.06,661.06,521.09,521.09,521.09,521.09,548.97,548.97,944.09,772.14,762.18,754.28,754.28,93.13,404.58,404.58,404.58,533.45,533.45,93.13,93.13,0.00,0.00,147.03,147.03,0.00,404.11,404.11,643.22,643.22,592.98,341.31,341.31,592.98,592.98,294.96,294.96,294.96,294.96,341.31,341.31,1159.79,1159.79,1159.79,1694.73,1739.18,1739.18,1154.61,1154.61,1099.38,1099.38,1128.68,1128.68,1233.59,1233.59,1233.59,1232.34,1232.34,1232.34,1232.34,1522.46,1522.46,1522.46,1522.46,1461.92,2125.74,1499.43,1499.43,1532.81,1532.81,1826.31,1826.31,219.68,219.68,219.68,219.68,687.86,687.86
HB4_D1(KFZ4),838.65,838.65,838.65,436.70,599.16,436.70,436.70,436.70,436.70,402.23,599.16,599.16,1097.12,1097.12,1589.13,1589.13,1589.13,1589.13,1589.13,1589.13,1069.24,1589.13,1589.13,1069.24,1069.24,1069.24,1069.24,1069.24,1069.24,1069.24,1209.21,1209.21,1209.21,1209.21,1209.21,1209.21,1069.24,1069.24,1069.24,1069.24,1097.12,1097.12,695.65,523.69,513.73,505.84,505.84,508.44,819.89,819.89,819.89,961.47,961.47,508.44,508.44,548.15,548.15,695.18,695.18,548.15,0.00,0.00,976.97,976.97,1141.13,889.45,889.45,1141.13,1141.13,843.11,843.11,843.11,843.11,889.45,889.45,1707.94,1707.94,1707.94,1411.64,1456.09,1456.09,928.08,928.08,816.29,816.29,845.58,845.58,950.50,950.50,950.50,949.24,949.24,949.24,949.24,1239.37,1239.37,1239.37,1239.37,1178.83,1842.65,1216.34,1216.34,1249.72,1249.72,1543.22,1543.22,634.99,634.99,634.99,634.99,805.27,805.27
HB4_D2(KFZ4),838.65,838.65,838.65,436.70,599.16,436.70,436.70,436.70,436.70,402.23,599.16,599.16,1097.12,1097.12,1589.13,1589.13,1589.13,1589.13,1589.13,1589.13,1069.24,1589.13,1589.13,1069.24,1069.24,1069.24,1069.24,1069.24,1069.24,1069.24,1209.21,1209.21,1209.21,1209.21,1209.21,1209.21,1069.24,1069.24,1069.24,1069.24,1097.12,1097.12,695.65,523.69,513.73,505.84,505.84,508.44,819.89,819.89,819.89,961.47,961.47,508.44,508.44,548.15,548.15,695.18,695.18,548.15,0.00,0.00,976.97,976.97,1141.13,889.45,889.45,1141.13,1141.13,843.11,843.11,843.11,843.11,889.45,889.45,1707.94,1707.94,1707.94,1411.64,1456.09,1456.09,928.08,928.08,816.29,816.29,845.58,845.58,950.50,950.50,950.50,949.24,949.24,949.24,949.24,1239.37,1239.37,1239.37,1239.37,1178.83,1842.65,1216.34,1216.34,1249.72,1249.72,1543.22,1543.22,634.99,634.99,634.99,634.99,805.27,805.27
MUE3_D2(KFZ),1203.22,1203.22,1203.22,922.29,963.73,922.29,922.29,922.29,922.29,887.81,963.73,963.73,1321.65,1321.65,1681.04,1681.04,1681.04,1681.04,1681.04,1681.04,1293.77,1681.04,1681.04,1293.77,1293.77,1293.77,1293.77,1293.77,1293.77,1293.77,1433.74,1433.74,1433.74,1433.74,1433.74,1433.74,1293.77,1293.77,1293.77,1293.77,1321.65,1321.65,1025.57,853.62,843.65,835.76,835.76,732.97,608.43,608.43,608.43,750.02,750.02,732.97,732.97,772.68,772.68,919.71,919.71,772.68,485.58,485.58,0.00,0.00,1365.66,1113.99,1113.99,1365.66,1365.66,1067.64,1067.64,1067.64,1067.64,1113.99,1113.99,1799.84,1799.84,1799.84,1600.71,1556.02,1556.02,918.79,918.79,1180.86,1180.86,1210.16,1210.16,1315.07,1315.07,1315.07,1313.82,1313.82,1313.82,1313.82,1603.94,1603.94,1603.94,1603.94,1543.40,2207.22,1580.91,1580.91,1614.29,1614.29,1907.79,1907.79,423.54,423.54,423.54,423.54,452.04,452.04
MUE3_D3(KFZ),1203.22,1203.22,1203.22,922.29,963.73,922.29,922.29,922.29,922.29,887.81,963.73,963.73,1321.65,1321.65,1681.04,1681.04,1681.04,1681.04,1681.04,1681.04,1293.77,1681.04,1681.04,1293.77,1293.77,1293.77,1293.77,1293.77,1293.77,1293.77,1433.74,1433.74,1433.74,1433.74,1433.74,1433.74,1293.77,1293.77,1293.77,1293.77,1321.65,1321.65,1025.57,853.62,843.65,835.76,835.76,732.97,608.43,608.43,608.43,750.02,750.02,732.97,732.97,772.68,772.68,919.71,919.71,772.68,485.58,485.58,0.00,0.00,1365.66,1113.99,1113.99,1365.66,1365.66,1067.64,1067.64,1067.64,1067.64,1113.99,1113.99,1799.84,1799.84,1799.84,1600.71,1556.02,1556.02,918.79,918.79,1180.86,1180.86,1210.16,1210.16,1315.07,1315.07,1315.07,1313.82,1313.82,1313.82,1313.82,1603.94,1603.94,1603.94,1603.94,1543.40,2207.22,1580.91,1580.91,1614.29,1614.29,1907.79,1907.79,423.54,423.54,423.54,423.54,452.04,452.04
PR1_D1,1376.39,1376.39,1376.39,1095.45,1136.90,1095.45,1095.45,1095.45,1095.45,1060.98,1136.90,1136.90,310.38,310.38,831.89,831.89,831.89,831.89,831.89,831.89,282.50,831.89,831.89,282.50,282.50,282.50,282.50,282.50,282.50,282.50,422.47,422.47,422.47,422.47,422.47,422.47,282.50,282.50,282.50,282.50,310.38,310.38,1198.74,1026.78,1016.82,1008.93,1008.93,347.78,412.74,412.74,412.74,324.36,324.36,347.78,347.78,945.85,945.85,492.45,492.45,945.85,658.75,658.75,897.86,897.86,0.00,132.21,132.21,0.00,0.00,56.37,56.37,56.37,56.37,132.21,132.21,950.70,950.70,950.70,1949.38,1993.83,1993.83,1409.25,1409.25,1354.03,1354.03,1383.32,1383.32,1488.24,1488.24,1488.24,1486.98,1486.98,1486.98,1486.98,1777.11,1777.11,1777.11,1777.11,1716.57,2380.39,1754.08,1754.08,1787.46,1787.46,2080.96,2080.96,474.33,474.33,474.33,474.33,942.51,942.51
PR1_D10,1474.15,1474.15,1474.15,1193.21,1234.66,1193.21,1193.21,1193.21,1193.21,1158.74,1234.66,1234.66,709.18,709.18,699.68,699.68,699.68,699.68,699.68,699.68,681.29,699.68,699.68,681.29,681.29,681.29,681.29,681.29,681.29,681.29,821.27,821.27,821.27,821.27,821.27,821.27,681.29,681.29,681.29,681.29,709.18,709.18,1296.50,1124.54,1114.58,1106.69,1106.69,445.54,280.53,280.53,280.53,422.11,422.11,445.54,445.54,1043.61,1043.61,792.44,792.44,1043.61,756.51,756.51,995.62,995.62,763.86,0.00,0.00,763.86,763.86,455.17,455.17,455.17,455.17,0.00,0.00,818.48,818.48,818.48,2047.13,2041.69,2041.69,1507.01,1507.01,1451.79,1451.79,1481.08,1481.08,1586.00,1586.00,1586.00,1584.74,1584.74,1584.74,1584.74,1874.86,1874.86,1874.86,1874.86,1814.33,2478.15,1851.83,1851.83,1885.22,1885.22,2178.71,2178.71,572.09,572.09,572.09,572.09,1040.27,1040.27
PR1_D11,1474.15,1474.15,1474.15,1193.21,1234.66,1193.21,1193.21,1193.21,1193.21,1158.74,1234.66,1234.66,709.18,709.18,699.68,699.68,699.68,699.68,699.68,699.68,681.29,699.68,699.68,681.29,681.29,681.29,681.29,681.29,681.29,681.29,821.27,821.27,821.27,821.27,821.27,821.27,681.29,681.29,681.29,681.29,709.18,709.18,1296.50,1124.54,1114.58,1106.69,1106.69,445.54,280.53,280.53,280.53,422.11,422.11,445.54,445.54,1043.61,1043.61,792.44,792.44,1043.61,756.51,756.51,995.62,995.62,763.86,0.00,0.00,763.86,763.86,455.17,455.17,455.17,455.17,0.00,0.00,818.48,818.48,818.48,2047.13,2041.69,2041.69,1507.01,1507.01,1451.79,1451.79,1481.08,1481.08,1586.00,1586.00,1586.00,1584.74,1584.74,1584.74,1584.74,1874.86,1874.86,1874.86,1874.86,1814.33,2478.15,1851.83,1851.83,1885.22,1885.22,2178.71,2178.71,572.09,572.09,572.09,572.09,1040.27,1040.27
PR1_D2,1376.39,1376.39,1376.39,1095.45,1136.90,1095.45,1095.45,1095.45,1095.45,1060.98,1136.90,1136.90,310.38,310.38,831.89,831.89,831.89,831.89,831.89,831.89,282.50,831.89,831.89,282.50,282.50,282.50,282.50,282.50,282.50,282.50,422.47,422.47,422.47,422.47,422.47,422.47,282.50,282.50,282.50,282.50,310.38,310.38,1198.74,1026.78,1016.82,1008.93,1008.93,347.78,412.74,412.74,412.74,324.36,324.36,347.78,347.78,945.85,945.85,492.45,492.45,945.85,658.75,658.75,897.86,897.86,0.00,132.21,132.21,0.00,0.00,56.37,56.37,56.37,56.37,132.21,132.21,950.70,950.70,950.70,1949.38,1993.83,1993.83,1409.25,1409.25,1354.03,1354.03,1383.32,1383.32,1488.24,1488.24,1488.24,1486.98,1486.98,1486.98,1486.98,1777.11,1777.11,1777.11,1777.11,1716.57,2380.39,1754.08,1754.08,1787.46,1787.46,2080.96,2080.96,474.33,474.33,474.33,474.33,942.51,942.51
PR1_D3,1376.39,1376.39,1376.39,1095.45,1136.90,1095.45,1095.45,1095.45,1095.45,1060.98,1136.90,1136.90,310.38,310.38,831.89,831.89,831.89,831.89,831.89,831.89,282.50,831.89,831.89,282.50,282.50,282.50,282.50,282.50,282.50,282.50,422.47,422.47,422.47,422.47,422.47,422.47,282.50,282.50,282.50,282.50,310.38,310.38,1198.74,1026.78,1016.82,1008.93,1008.93,347.78,412.74,412.74,412.74,324.36,324.36,347.78,347.78,945.85,945.85,492.45,492.45,945.85,658.75,658.75,897.86,897.86,0.00,132.21,132.21,0.00,0.00,56.37,56.37,56.37,56.37,132.21,132.21,950.70,950.70,950.70,1949.38,1993.83,1993.83,1409.25,1409.25,1354.03,1354.03,1383.32,1383.32,1488.24,1488.24,1488.24,1486.98,1486.98,1486.98,1486.98,1777.11,1777.11,1777.11,1777.11,1716.57,2380.39,1754.08,1754.08,1787.46,1787.46,2080.96,2080.96,474.33,474.33,474.33,474.33,942.51,942.51
PR1_D4,1781.60,1781.60,1781.60,1667.80,1605.56,1667.80,1667.80,1667.80,1667.80,1661.60,1605.56,1605.56,254.01,254.01,1488.60,1488.60,1488.60,1488.60,1488.60,1488.60,226.13,1488.60,1488.60,226.13,226.13,226.13,226.13,226.13,226.13,226.13,366.11,366.11,366.11,366.11,366.11,366.11,226.13,226.13,226.13,226.13,254.01,254.01,1876.45,1704.50,1694.54,1686.65,1686.65,1025.49,1090.46,1090.46,1090.46,1002.07,1002.07,1025.49,1025.49,1623.57,1623.57,1170.16,1170.16,1623.57,1336.47,1336.47,1575.58,1575.58,677.72,809.93,809.93,677.72,677.72,0.00,0.00,0.00,0.00,809.93,809.93,1607.40,1607.40,1607.40,2627.09,2671.55,2671.55,2086.97,2086.97,2031.75,2031.75,2061.04,2061.04,2165.95,2165.95,2165.95,2164.70,2164.70,2164.70,2164.70,2454.82,2454.82,2454.82,2454.82,2394.28,3058.11,2431.79,2431.79,2465.18,2465.18,2758.67,2758.67,1152.04,1152.04,1152.04,1152.04,1620.23,1620.23
PR1_D5,1781.60,1781.60,1781.60,1667.80,1605.56,1667.80,1667.80,1667.80,1667.80,1661.60,1605.56,1605.56,254.01,254.01,1488.60,1488.60,1488.60,1488.60,1488.60,1488.60,226.13,1488.60,1488.60,226.13,226.13,226.13,226.13,226.13,226.13,226.13,366.11,366.11,366.11,366.11,366.11,366.11,226.13,226.13,226.13,226.13,254.01,254.01,1876.45,1704.50,1694.54,1686.65,1686.65,1025.49,1090.46,1090.46,1090.46,1002.07,1002.07,1025.49,1025.49,1623.57,1623.57,1170.16,1170.16,1623.57,1336.47,1336.47,1575.58,1575.58,677.72,809.93,809.93,677.72,677.72,0.00,0.00,0.00,0.00,809.93,809.93,1607.40,1607.40,1607.40,2627.09,2671.55,2671.55,2086.97,2086.97,2031.75,2031.75,2061.04,2061.04,2165.95,2165.95,2165.95,2164.70,2164.70,2164.70,2164.70,2454.82,2454.82,2454.82,2454.82,2394.28,3058.11,2431.79,2431.79,2465.18,2465.18,2758.67,2758.67,1152.04,1152.04,1152.04,1152.04,1620.23,1620.23
PR1_D6,1781.60,1781.60,1781.60,1667.80,1605.56,1667.80,1667.80,1667.80,1667.80,1661.60,1605.56,1605.56,254.01,254.01,1488.60,1488.60,1488.60,1488.60,1488.60,1488.60,226.13,1488.60,1488.60,226.13,226.13,226.13,226.13,226.13,226.13,226.13,366.11,366.11,366.11,366.11,366.11,366.11,226.13,226.13,226.13,226.13,254.01,254.01,1876.45,1704.50,1694.54,1686.65,1686.65,1025.49,1090.46,1090.46,1090.46,1002.07,1002.07,1025.49,1025.49,1623.57,1623.57,1170.16,1170.16,1623.57,1336.47,1336.47,1575.58,1575.58,677.72,809.93,809.93,677.72,677.72,0.00,0.00,0.00,0.00,809.93,809.93,1607.40,1607.40,1607.40,2627.09,2671.55,2671.55,2086.97,2086.97,2031.75,2031.75,2061.04,2061.04,2165.95,2165.95,2165.95,2164.70,2164.70,2164.70,2164.70,2454.82,2454.82,2454.82,2454.82,2394.28,3058.11,2431.79,2431.79,2465.18,2465.18,2758.67,2758.67,1152.04,1152.04,1152.04,1152.04,1620.23,1620.23
PR1_D7,1781.60,1781.60,1781.60,1667.80,1605.56,1667.80,1667.80,1667.80,1667.80,1661.60,1605.56,1605.56,254.01,254.01,1488.60,1488.60,1488.60,1488.60,1488.60,1488.60,226.13,1488.60,1488.60,226.13,226.13,226.13,226.13,226.13,226.13,226.13,366.11,366.11,366.11,366.11,366.11,366.11,226.13,226.13,226.13,226.13,254.01,254.01,1876.45,1704.50,1694.54,1686.65,1686.65,1025.49,1090.46,1090.46,1090.46,1002.07,1002.07,1025.49,1025.49,1623.57,1623.57,1170.16,1170.16,1623.57,1336.47,1336.47,1575.58,1575.58,677.72,809.93,809.93,677.72,677.72,0.00,0.00,0.00,0.00,809.93,809.93,1607.40,1607.40,1607.40,2627.09,2671.55,2671.55,2086.97,2086.97,2031.75,2031.75,2061.04,2061.04,2165.95,2165.95,2165.95,2164.70,2164.70,2164.70,2164.70,2454.82,2454.82,2454.82,2454.82,2394.28,3058.11,2431.79,2431.79,2465.18,2465.18,2758.67,2758.67,1152.04,1152.04,1152.04,1152.04,1620.23,1620.23
PR1_D8,1474.15,1474.15,1474.15,1193.21,1234.66,1193.21,1193.21,1193.21,1193.21,1158.74,1234.66,1234.66,709.18,709.18,699.68,699.68,699.68,699.68,699.68,699.68,681.29,699.68,699.68,681.29,681.29,681.29,681.29,681.29,681.29,681.29,821.27,821.27,821.27,821.27,821.27,821.27,681.29,681.29,681.29,681.29,709.18,709.18,1296.50,1124.54,1114.58,1106.69,1106.69,445.54,280.53,280.53,280.53,422.11,422.11,445.54,445.54,1043.61,1043.61,792.44,792.44,1043.61,756.51,756.51,995.62,995.62,763.86,0.00,0.00,763.86,763.86,455.17,455.17,455.17,455.17,0.00,0.00,818.48,818.48,818.48,2047.13,2041.69,2041.69,1507.01,1507.01,1451.79,1451.79,1481.08,1481.08,1586.00,1586.00,1586.00,1584.74,1584.74,1584.74,1584.74,1874.86,1874.86,1874.86,1874.86,1814.33,2478.15,1851.83,1851.83,1885.22,1885.22,2178.71,2178.71,572.09,572.09,572.09,572.09,1040.27,1040.27
PR1_D9,1474.15,1474.15,1474.15,1193.21,1234.66,1193.21,1193.21,1193.21,1193.21,1158.74,1234.66,1234.66,709.18,709.18,699.68,699.68,699.68,699.68,699.68,699.68,681.29,699.68,699.68,681.29,681.29,681.29,681.29,681.29,681.29,681.29,821.27,821.27,821.27,821.27,821.27,821.27,681.29,681.29,681.29,681.29,709.18,709.18,1296.50,1124.54,1114.58,1106.69,1106.69,445.54,280.53,280.53,280.53,422.11,422.11,445.54,445.54,1043.61,1043.61,792.44,792.44,1043.61,756.51,756.51,995.62,995.62,763.86,0.00,0.00,763.86,763.86,455.17,455.17,455.17,455.17,0.00,0.00,818.48,818.48,818.48,2047.13,2041.69,2041.69,1507.01,1507.01,1451.79,1451.79,1481.08,1481.08,1586.00,1586.00,1586.00,1584.74,1584.74,1584.74,1584.74,1874.86,1874.86,1874.86,1874.86,1814.33,2478.15,1851.83,1851.83,1885.22,1885.22,2178.71,2178.71,572.09,572.09,572.09,572.09,1040.27,1040.27
PR3_D1(KFZ1),1476.30,1476.30,1476.30,1195.36,1236.81,1195.36,1195.36,1195.36,1195.36,1160.89,1236.81,1236.81,509.09,509.09,746.69,746.69,746.69,746.69,746.69,746.69,481.21,746.69,746.69,481.21,481.21,481.21,481.21,481.21,481.21,481.21,621.18,621.18,621.18,621.18,621.18,621.18,481.21,481.21,481.21,481.21,509.09,509.09,1298.65,1126.69,1116.73,1108.84,1108.84,447.69,498.18,498.18,498.18,424.26,424.26,447.69,447.69,1045.76,1045.76,592.36,592.36,1045.76,758.66,758.66,997.77,997.77,563.77,217.66,217.66,563.77,563.77,255.08,255.08,255.08,255.08,217.66,217.66,0.00,0.00,0.00,2049.28,2093.74,2093.74,1509.16,1509.16,1453.94,1453.94,1483.23,1483.23,1588.15,1588.15,1588.15,1586.89,1586.89,1586.89,1586.89,1877.01,1877.01,1877.01,1877.01,1816.47,2480.30,1853.98,1853.98,1887.37,1887.37,2180.86,2180.86,574.24,574.24,574.24,574.24,1042.42,1042.42
PR3_D2(KFZ1),1476.30,1476.30,1476.30,1195.36,1236.81,1195.36,1195.36,1195.36,1195.36,1160.89,1236.81,1236.81,509.09,509.09,746.69,746.69,746.69,746.69,746.69,746.69,481.21,746.69,746.69,481.21,481.21,481.21,481.21,481.21,481.21,481.21,621.18,621.18,621.18,621.18,621.18,621.18,481.21,481.21,481.21,481.21,509.09,509.09,1298.65,1126.69,1116.73,1108.84,1108.84,447.69,498.18,498.18,498.18,424.26,424.26,447.69,447.69,1045.76,1045.76,592.36,592.36,1045.76,758.66,758.66,997.77,997.77,563.77,217.66,217.66,563.77,563.77,255.08,255.08,255.08,255.08,217.66,217.66,0.00,0.00,0.00,2049.28,2093.74,2093.74,1509.16,1509.16,1453.94,1453.94,1483.23,1483.23,1588.15,1588.15,1588.15,1586.89,1586.89,1586.89,1586.89,1877.01,1877.01,1877.01,1877.01,1816.47,2480.30,1853.98,1853.98,1887.37,1887.37,2180.86,2180.86,574.24,574.24,574.24,574.24,1042.42,1042.42
PR3_D3(KFZ2),1476.30,1476.30,1476.30,1195.36,1236.81,1195.36,1195.36,1195.36,1195.36,1160.89,1236.81,1236.81,509.09,509.09,746.69,746.69,746.69,746.69,746.69,746.69,481.21,746.69,746.69,481.21,481.21,481.21,481.21,481.21,481.21,481.21,621.18,621.18,621.18,621.18,621.18,621.18,481.21,481.21,481.21,481.21,509.09,509.09,1298.65,1126.69,1116.73,1108.84,1108.84,447.69,498.18,498.18,498.18,424.26,424.26,447.69,447.69,1045.76,1045.76,592.36,592.36,1045.76,758.66,758.66,997.77,997.77,563.77,217.66,217.66,563.77,563.77,255.08,255.08,255.08,255.08,217.66,217.66,0.00,0.00,0.00,2049.28,2093.74,2093.74,1509.16,1509.16,1453.94,1453.94,1483.23,1483.23,1588.15,1588.15,1588.15,1586.89,1586.89,1586.89,1586.89,1877.01,1877.01,1877.01,1877.01,1816.47,2480.30,1853.98,1853.98,1887.37,1887.37,2180.86,2180.86,574.24,574.24,574.24,574.24,1042.42,1042.42
SD_D1(KFZ1),1202.13,1202.13,1202.13,1344.99,1342.44,1344.99,1344.99,1344.99,1344.99,1338.79,1342.44,1342.44,2403.51,2403.51,2660.88,2660.88,2660.88,2660.88,2660.88,2660.88,2375.62,2660.88,2660.88,2375.62,2375.62,2375.62,2375.62,2375.62,2375.62,2375.62,2515.60,2515.60,2515.60,2515.60,2515.60,2515.60,2375.62,2375.62,2375.62,2375.62,2403.51,2403.51,1701.33,1529.37,1519.41,1511.52,1511.52,1814.83,1713.08,1713.08,1713.08,1854.67,1854.67,1814.83,1814.83,1854.54,1854.54,2001.57,2001.57,1854.54,1539.00,1539.00,1104.65,1104.65,2447.52,2195.84,2195.84,2447.52,2447.52,2149.49,2149.49,2149.49,2149.49,2195.84,2195.84,2779.68,2779.68,2779.68,0.00,44.46,44.46,1061.25,1061.25,1821.97,1821.97,566.05,566.05,701.17,701.17,701.17,699.91,699.91,699.91,699.91,990.04,990.04,990.04,990.04,929.50,1007.16,967.01,967.01,1000.39,1000.39,1293.89,1293.89,1528.19,1528.19,1528.19,1528.19,1115.86,1115.86
SD_D2(KFZ2),1246.82,1246.82,1246.82,1389.68,1387.13,1389.68,1389.68,1389.68,1389.68,1383.48,1387.13,1387.13,2381.85,2381.85,2616.42,2616.42,2616.42,2616.42,2616.42,2616.42,2353.96,2616.42,2616.42,2353.96,2353.96,2353.96,2353.96,2353.96,2353.96,2353.96,2493.94,2493.94,2493.94,2493.94,2493.94,2493.94,2353.96,2353.96,2353.96,2353.96,2381.85,2381.85,1746.02,1574.06,1564.10,1556.21,1556.21,1793.17,1668.63,1668.63,1668.63,1810.21,1810.21,1793.17,1793.17,1832.88,1832.88,1979.91,1979.91,1832.88,1545.78,1545.78,1060.20,1060.20,2425.86,2174.18,2174.18,2425.86,2425.86,2127.84,2127.84,2127.84,2127.84,2174.18,2174.18,2735.23,2735.23,2735.23,44.69,0.00,0.00,1016.79,1016.79,1866.66,1866.66,610.75,610.75,745.86,745.86,745.86,744.61,744.61,744.61,744.61,1034.73,1034.73,1034.73,1034.73,974.19,1051.85,1011.70,1011.70,1045.08,1045.08,1338.58,1338.58,1483.73,1483.73,1483.73,1483.73,1071.40,1071.40
SD_D3(KFZ3),1246.82,1246.82,1246.82,1389.68,1387.13,1389.68,1389.68,1389.68,1389.68,1383.48,1387.13,1387.13,2381.85,2381.85,2616.42,2616.42,2616.42,2616.42,2616.42,2616.42,2353.96,2616.42,2616.42,2353.96,2353.96,2353.96,2353.96,2353.96,2353.96,2353.96,2493.94,2493.94,2493.94,2493.94,2493.94,2493.94,2353.96,2353.96,2353.96,2353.96,2381.85,2381.85,1746.02,1574.06,1564.10,1556.21,1556.21,1793.17,1668.63,1668.63,1668.63,1810.21,1810.21,1793.17,1793.17,1832.88,1832.88,1979.91,1979.91,1832.88,1545.78,1545.78,1060.20,1060.20,2425.86,2174.18,2174.18,2425.86,2425.86,2127.84,2127.84,2127.84,2127.84,2174.18,2174.18,2735.23,2735.23,2735.23,44.69,0.00,0.00,1016.79,1016.79,1866.66,1866.66,610.75,610.75,745.86,745.86,745.86,744.61,744.61,744.61,744.61,1034.73,1034.73,1034.73,1034.73,974.19,1051.85,1011.70,1011.70,1045.08,1045.08,1338.58,1338.58,1483.73,1483.73,1483.73,1483.73,1071.40,1071.40
SHO_D1(KFZ1),967.91,967.91,967.91,730.97,728.42,730.97,730.97,730.97,730.97,724.77,728.42,728.42,1465.30,1465.30,1838.06,1838.06,1838.06,1838.06,1838.06,1838.06,1437.42,1838.06,1838.06,1437.42,1437.42,1437.42,1437.42,1437.42,1437.42,1437.42,1577.39,1577.39,1577.39,1577.39,1577.39,1577.39,1437.42,1437.42,1437.42,1437.42,1465.30,1465.30,1063.82,891.87,881.91,874.02,874.02,876.62,752.08,752.08,752.08,893.67,893.67,876.62,876.62,916.33,916.33,1063.36,1063.36,916.33,629.23,629.23,448.44,448.44,1509.31,1257.64,1257.64,1509.31,1509.31,1211.29,1211.29,1211.29,1211.29,1257.64,1257.64,1956.86,1956.86,1956.86,1071.16,1026.47,1026.47,0.00,0.00,945.55,945.55,974.84,974.84,1079.76,1079.76,1079.76,1078.50,1078.50,1078.50,1078.50,1368.62,1368.62,1368.62,1368.62,1308.09,1754.41,1345.59,1345.59,1378.98,1378.98,1672.47,1672.47,567.19,567.19,567.19,567.19,99.00,99.00
SHO_D2(KFZ4),967.91,967.91,967.91,730.97,728.42,730.97,730.97,730.97,730.97,724.77,728.42,728.42,1465.30,1465.30,1838.06,1838.06,1838.06,1838.06,1838.06,1838.06,1437.42,1838.06,1838.06,1437.42,1437.42,1437.42,1437.42,1437.42,1437.42,1437.42,1577.39,1577.39,1577.39,1577.39,1577.39,1577.39,1437.42,1437.42,1437.42,1437.42,1465.30,1465.30,1063.82,891.87,881.91,874.02,874.02,876.62,752.08,752.08,752.08,893.67,893.67,876.62,876.62,916.33,916.33,1063.36,1063.36,916.33,629.23,629.23,448.44,448.44,1509.31,1257.64,1257.64,1509.31,1509.31,1211.29,1211.29,1211.29,1211.29,1257.64,1257.64,1956.86,1956.86,1956.86,1071.16,1026.47,1026.47,0.00,0.00,945.55,945.55,974.84,974.84,1079.76,1079.76,1079.76,1078.50,1078.50,1078.50,1078.50,1368.62,1368.62,1368.62,1368.62,1308.09,1754.41,1345.59,1345.59,1378.98,1378.98,1672.47,1672.47,567.19,567.19,567.19,567.19,99.00,99.00
STA1_D1(KFZ4),635.17,635.17,635.17,778.03,775.48,778.03,778.03,778.03,778.03,771.83,775.48,775.48,1836.55,1836.55,2328.56,2328.56,2328.56,2328.56,2328.56,2328.56,1808.66,2328.56,2328.56,1808.66,1808.66,1808.66,1808.66,1808.66,1808.66,1808.66,1948.64,1948.64,1948.64,1948.64,1948.64,1948.64,1808.66,1808.66,1808.66,1808.66,1836.55,1836.55,1134.37,962.41,952.45,944.56,944.56,1247.87,1559.31,1559.31,1559.31,1700.90,1700.90,1247.87,1247.87,1287.58,1287.58,1434.61,1434.61,1287.58,972.04,972.04,1415.69,1415.69,1880.56,1628.88,1628.88,1880.56,1880.56,1582.54,1582.54,1582.54,1582.54,1628.88,1628.88,2447.37,2447.37,2447.37,595.35,639.80,639.80,1366.80,1366.80,0.00,0.00,29.29,29.29,134.21,134.21,134.21,132.95,132.95,132.95,132.95,423.08,423.08,423.08,423.08,362.54,1026.36,400.05,400.05,433.43,433.43,726.93,726.93,1374.41,1374.41,1374.41,1374.41,1243.98,1243.98
STA1_D2(KFZ4),635.17,635.17,635.17,778.03,775.48,778.03,778.03,778.03,778.03,771.83,775.48,775.48,1836.55,1836.55,2328.56,2328.56,2328.56,2328.56,2328.56,2328.56,1808.66,2328.56,2328.56,1808.66,1808.66,1808.66,1808.66,1808.66,1808.66,1808.66,1948.64,1948.64,1948.64,1948.64,1948.64,1948.64,1808.66,1808.66,1808.66,1808.66,1836.55,1836.55,1134.37,962.41,952.45,944.56,944.56,1247.87,1559.31,1559.31,1559.31,1700.90,1700.90,1247.87,1247.87,1287.58,1287.58,1434.61,1434.61,1287.58,972.04,972.04,1415.69,1415.69,1880.56,1628.88,1628.88,1880.56,1880.56,1582.54,1582.54,1582.54,1582.54,1628.88,1628.88,2447.37,2447.37,2447.37,595.35,639.80,639.80,1366.80,1366.80,0.00,0.00,29.29,29.29,134.21,134.21,134.21,132.95,132.95,132.95,132.95,423.08,423.08,423.08,423.08,362.54,1026.36,400.05,400.05,433.43,433.43,726.93,726.93,1374.41,1374.41,1374.41,1374.41,1243.98,1243.98
STA1_D8(KFZ5),636.08,636.08,636.08,778.94,776.39,778.94,778.94,778.94,778.94,772.73,776.39,776.39,1837.45,1837.45,2329.47,2329.47,2329.47,2329.47,2329.47,2329.47,1809.57,2329.47,2329.47,1809.57,1809.57,1809.57,1809.57,1809.57,1809.57,1809.57,1949.55,1949.55,1949.55,1949.55,1949.55,1949.55,1809.57,1809.57,1809.57,1809.57,1837.45,1837.45,1135.27,963.32,953.36,945.47,945.47,1248.77,1560.22,1560.22,1560.22,1701.80,1701.80,1248.77,1248.77,1288.48,1288.48,1435.51,1435.51,1288.48,972.95,972.95,1416.60,1416.60,1881.46,1629.79,1629.79,1881.46,1881.46,1583.44,1583.44,1583.44,1583.44,1629.79,1629.79,2448.27,2448.27,2448.27,566.05,610.51,610.51,1367.70,1367.70,1255.92,1255.92,0.00,0.00,135.12,135.12,135.12,133.86,133.86,133.86,133.86,423.98,423.98,423.98,423.98,363.44,1027.27,400.95,400.95,434.34,434.34,727.83,727.83,1375.32,1375.32,1375.32,1375.32,1244.89,1244.89
STA1_D9(KFZ5),636.08,636.08,636.08,778.94,776.39,778.94,778.94,778.94,778.94,772.73,776.39,776.39,1837.45,1837.45,2329.47,2329.47,2329.47,2329.47,2329.47,2329.47,1809.57,2329.47,2329.47,1809.57,1809.57,1809.57,1809.57,1809.57,1809.57,1809.57,1949.55,1949.55,1949.55,1949.55,1949.55,1949.55,1809.57,1809.57,1809.57,1809.57,1837.45,1837.45,1135.27,963.32,953.36,945.47,945.47,1248.77,1560.22,1560.22,1560.22,1701.80,1701.80,1248.77,1248.77,1288.48,1288.48,1435.51,1435.51,1288.48,972.95,972.95,1416.60,1416.60,1881.46,1629.79,1629.79,1881.46,1881.46,1583.44,1583.44,1583.44,1583.44,1629.79,1629.79,2448.27,2448.27,2448.27,566.05,610.51,610.51,1367.70,1367.70,1255.92,1255.92,0.00,0.00,135.12,135.12,135.12,133.86,133.86,133.86,133.86,423.98,423.98,423.98,423.98,363.44,1027.27,400.95,400.95,434.34,434.34,727.83,727.83,1375.32,1375.32,1375.32,1375.32,1244.89,1244.89
STA2_D2(KFZ4),500.96,500.96,500.96,643.82,641.27,643.82,643.82,643.82,643.82,637.62,641.27,641.27,1702.34,1702.34,2194.35,2194.35,2194.35,2194.35,2194.35,2194.35,1674.45,2194.35,2194.35,1674.45,1674.45,1674.45,1674.45,1674.45,1674.45,1674.45,1814.43,1814.43,1814.43,1814.43,1814.43,1814.43,1674.45,1674.45,1674.45,1674.45,1702.34,1702.34,1000.16,828.20,818.24,810.35,810.35,1113.66,1425.10,1425.10,1425.10,1566.69,1566.69,1113.66,1113.66,1153.37,1153.37,1300.40,1300.40,1153.37,837.83,837.83,1281.48,1281.48,1746.35,1494.67,1494.67,1746.35,1746.35,1448.33,1448.33,1448.33,1448.33,1494.67,1494.67,2313.16,2313.16,2313.16,1294.00,1269.75,1269.75,1232.59,1232.59,1120.80,1120.80,1150.09,1150.09,0.00,0.00,0.00,229.61,229.61,229.61,229.61,519.73,519.73,519.73,519.73,459.20,1123.02,496.70,496.70,530.09,530.09,592.72,592.72,1240.21,1240.21,1240.21,1240.21,1109.78,1109.78
STA2_D3(KFZ4),500.96,500.96,500.96,643.82,641.27,643.82,643.82,643.82,643.82,637.62,641.27,641.27,1702.34,1702.34,2194.35,2194.35,2194.35,2194.35,2194.35,2194.35,1674.45,2194.35,2194.35,1674.45,1674.45,1674.45,1674.45,1674.45,1674.45,1674.45,1814.43,1814.43,1814.43,1814.43,1814.43,1814.43,1674.45,1674.45,1674.45,1674.45,1702.34,1702.34,1000.16,828.20,818.24,810.35,810.35,1113.66,1425.10,1425.10,1425.10,1566.69,1566.69,1113.66,1113.66,1153.37,1153.37,1300.40,1300.40,1153.37,837.83,837.83,1281.48,1281.48,1746.35,1494.67,1494.67,1746.35,1746.35,1448.33,1448.33,1448.33,1448.33,1494.67,1494.67,2313.16,2313.16,2313.16,1294.00,1269.75,1269.75,1232.59,1232.59,1120.80,1120.80,1150.09,1150.09,0.00,0.00,0.00,229.61,229.61,229.61,229.61,519.73,519.73,519.73,519.73,459.20,1123.02,496.70,496.70,530.09,530.09,592.72,592.72,1240.21,1240.21,1240.21,1240.21,1109.78,1109.78
STA2_D4(KFZ4),500.96,500.96,500.96,643.82,641.27,643.82,643.82,643.82,643.82,637.62,641.27,641.27,1702.34,1702.34,2194.35,2194.35,2194.35,2194.35,2194.35,2194.35,1674.45,2194.35,2194.35,1674.45,1674.45,1674.45,1674.45,1674.45,1674.45,1674.45,1814.43,1814.43,1814.43,1814.43,1814.43,1814.43,1674.45,1674.45,1674.45,1674.45,1702.34,1702.34,1000.16,828.20,818.24,810.35,810.35,1113.66,1425.10,1425.10,1425.10,1566.69,1566.69,1113.66,1113.66,1153.37,1153.37,1300.40,1300.40,1153.37,837.83,837.83,1281.48,1281.48,1746.35,1494.67,1494.67,1746.35,1746.35,1448.33,1448.33,1448.33,1448.33,1494.67,1494.67,2313.16,2313.16,2313.16,1294.00,1269.75,1269.75,1232.59,1232.59,1120.80,1120.80,1150.09,1150.09,0.00,0.00,0.00,229.61,229.61,229.61,229.61,519.73,519.73,519.73,519.73,459.20,1123.02,496.70,496.70,530.09,530.09,592.72,592.72,1240.21,1240.21,1240.21,1240.21,1109.78,1109.78
STA2_D5(KFZ3),990.16,990.16,990.16,1133.02,1130.47,1133.02,1133.02,1133.02,1133.02,1126.82,1130.47,1130.47,2191.54,2191.54,2683.55,2683.55,2683.55,2683.55,2683.55,2683.55,2163.66,2683.55,2683.55,2163.66,2163.66,2163.66,2163.66,2163.66,2163.66,2163.66,2303.63,2303.63,2303.63,2303.63,2303.63,2303.63,2163.66,2163.66,2163.66,2163.66,2191.54,2191.54,1489.36,1317.40,1307.45,1299.55,1299.55,1602.86,1914.31,1914.31,1914.31,2055.89,2055.89,1602.86,1602.86,1642.57,1642.57,1789.60,1789.60,1642.57,1327.04,1327.04,1770.69,1770.69,2235.55,1983.88,1983.88,2235.55,2235.55,1937.53,1937.53,1937.53,1937.53,1983.88,1983.88,2802.36,2802.36,2802.36,1064.38,1040.14,1040.14,1721.79,1721.79,1610.00,1610.00,1630.44,1630.44,489.20,489.20,489.20,0.00,0.00,0.00,0.00,290.12,290.12,290.12,290.12,229.58,893.41,267.09,267.09,300.48,300.48,780.53,780.53,1729.41,1729.41,1729.41,1729.41,1598.98,1598.98
STA2_D6(KFZ3),990.16,990.16,990.16,1133.02,1130.47,1133.02,1133.02,1133.02,1133.02,1126.82,1130.47,1130.47,2191.54,2191.54,2683.55,2683.55,2683.55,2683.55,2683.55,2683.55,2163.66,2683.55,2683.55,2163.66,2163.66,2163.66,2163.66,2163.66,2163.66,2163.66,2303.63,2303.63,2303.63,2303.63,2303.63,2303.63,2163.66,2163.66,2163.66,2163.66,2191.54,2191.54,1489.36,1317.40,1307.45,1299.55,1299.55,1602.86,1914.31,1914.31,1914.31,2055.89,2055.89,1602.86,1602.86,1642.57,1642.57,1789.60,1789.60,1642.57,1327.04,1327.04,1770.69,1770.69,2235.55,1983.88,1983.88,2235.55,2235.55,1937.53,1937.53,1937.53,1937.53,1983.88,1983.88,2802.36,2802.36,2802.36,1064.38,1040.14,1040.14,1721.79,1721.79,1610.00,1610.00,1630.44,1630.44,489.20,489.20,489.20,0.00,0.00,0.00,0.00,290.12,290.12,290.12,290.12,229.58,893.41,267.09,267.09,300.48,300.48,780.53,780.53,1729.41,1729.41,1729.41,1729.41,1598.98,1598.98
STA2_D7(KFZ3),990.16,990.16,990.16,1133.02,1130.47,1133.02,1133.02,1133.02,1133.02,1126.82,1130.47,1130.47,2191.54,2191.54,2683.55,2683.55,2683.55,2683.55,2683.55,2683.55,2163.66,2683.55,2683.55,2163.66,2163.66,2163.66,2163.66,2163.66,2163.66,2163.66,2303.63,2303.63,2303.63,2303.63,2303.63,2303.63,2163.66,2163.66,2163.66,2163.66,2191.54,2191.54,1489.36,1317.40,1307.45,1299.55,1299.55,1602.86,1914.31,1914.31,1914.31,2055.89,2055.89,1602.86,1602.86,1642.57,1642.57,1789.60,1789.60,1642.57,1327.04,1327.04,1770.69,1770.69,2235.55,1983.88,1983.88,2235.55,2235.55,1937.53,1937.53,1937.53,1937.53,1983.88,1983.88,2802.36,2802.36,2802.36,1064.38,1040.14,1040.14,1721.79,1721.79,1610.00,1610.00,1630.44,1630.44,489.20,489.20,489.20,0.00,0.00,0.00,0.00,290.12,290.12,290.12,290.12,229.58,893.41,267.09,267.09,300.48,300.48,780.53,780.53,1729.41,1729.41,1729.41,1729.41,1598.98,1598.98
STA2_D8(KFZ3),990.16,990.16,990.16,1133.02,1130.47,1133.02,1133.02,1133.02,1133.02,1126.82,1130.47,1130.47,2191.54,2191.54,2683.55,2683.55,2683.55,2683.55,2683.55,2683.55,2163.66,2683.55,2683.55,2163.66,2163.66,2163.66,2163.66,2163.66,2163.66,2163.66,2303.63,2303.63,2303.63,2303.63,2303.63,2303.63,2163.66,2163.66,2163.66,2163.66,2191.54,2191.54,1489.36,1317.40,1307.45,1299.55,1299.55,1602.86,1914.31,1914.31,1914.31,2055.89,2055.89,1602.86,1602.86,1642.57,1642.57,1789.60,1789.60,1642.57,1327.04,1327.04,1770.69,1770.69,2235.55,1983.88,1983.88,2235.55,2235.55,1937.53,1937.53,1937.53,1937.53,1983.88,1983.88,2802.36,2802.36,2802.36,1064.38,1040.14,1040.14,1721.79,1721.79,1610.00,1610.00,1630.44,1630.44,489.20,489.20,489.20,0.00,0.00,0.00,0.00,290.12,290.12,290.12,290.12,229.58,893.41,267.09,267.09,300.48,300.48,780.53,780.53,1729.41,1729.41,1729.41,1729.41,1598.98,1598.98
STA4_D1(KFZ1),700.04,700.04,700.04,842.90,840.35,842.90,842.90,842.90,842.90,836.70,840.35,840.35,1901.42,1901.42,2393.43,2393.43,2393.43,2393.43,2393.43,2393.43,1873.53,2393.43,2393.43,1873.53,1873.53,1873.53,1873.53,1873.53,1873.53,1873.53,2013.51,2013.51,2013.51,2013.51,2013.51,2013.51,1873.53,1873.53,1873.53,1873.53,1901.42,1901.42,1199.24,1027.28,1017.32,1009.43,1009.43,1312.74,1624.18,1624.18,1624.18,1765.77,1765.77,1312.74,1312.74,1352.45,1352.45,1499.48,1499.48,1352.45,1036.91,1036.91,1480.57,1480.57,1945.43,1693.75,1693.75,1945.43,1945.43,1647.41,1647.41,1647.41,1647.41,1693.75,1693.75,2512.24,2512.24,2512.24,1052.37,1028.13,1028.13,1431.67,1431.67,1319.88,1319.88,1349.18,1349.18,199.08,199.08,199.08,428.69,428.69,428.69,428.69,0.00,0.00,0.00,0.00,217.57,881.39,255.08,255.08,288.46,288.46,490.41,490.41,1439.29,1439.29,1439.29,1439.29,1308.86,1308.86
STA4_D1a(KFZ1),700.04,700.04,700.04,842.90,840.35,842.90,842.90,842.90,842.90,836.70,840.35,840.35,1901.42,1901.42,2393.43,2393.43,2393.43,2393.43,2393.43,2393.43,1873.53,2393.43,2393.43,1873.53,1873.53,1873.53,1873.53,1873.53,1873.53,1873.53,2013.51,2013.51,2013.51,2013.51,2013.51,2013.51,1873.53,1873.53,1873.53,1873.53,1901.42,1901.42,1199.24,1027.28,1017.32,1009.43,1009.43,1312.74,1624.18,1624.18,1624.18,1765.77,1765.77,1312.74,1312.74,1352.45,1352.45,1499.48,1499.48,1352.45,1036.91,1036.91,1480.57,1480.57,1945.43,1693.75,1693.75,1945.43,1945.43,1647.41,1647.41,1647.41,1647.41,1693.75,1693.75,2512.24,2512.24,2512.24,1052.37,1028.13,1028.13,1431.67,1431.67,1319.88,1319.88,1349.18,1349.18,199.08,199.08,199.08,428.69,428.69,428.69,428.69,0.00,0.00,0.00,0.00,217.57,881.39,255.08,255.08,288.46,288.46,490.41,490.41,1439.29,1439.29,1439.29,1439.29,1308.86,1308.86
STA4_D2(KFZ2),700.04,700.04,700.04,842.90,840.35,842.90,842.90,842.90,842.90,836.70,840.35,840.35,1901.42,1901.42,2393.43,2393.43,2393.43,2393.43,2393.43,2393.43,1873.53,2393.43,2393.43,1873.53,1873.53,1873.53,1873.53,1873.53,1873.53,1873.53,2013.51,2013.51,2013.51,2013.51,2013.51,2013.51,1873.53,1873.53,1873.53,1873.53,1901.42,1901.42,1199.24,1027.28,1017.32,1009.43,1009.43,1312.74,1624.18,1624.18,1624.18,1765.77,1765.77,1312.74,1312.74,1352.45,1352.45,1499.48,1499.48,1352.45,1036.91,1036.91,1480.57,1480.57,1945.43,1693.75,1693.75,1945.43,1945.43,1647.41,1647.41,1647.41,1647.41,1693.75,1693.75,2512.24,2512.24,2512.24,1052.37,1028.13,1028.13,1431.67,1431.67,1319.88,1319.88,1349.18,1349.18,199.08,199.08,199.08,428.69,428.69,428.69,428.69,0.00,0.00,0.00,0.00,217.57,881.39,255.08,255.08,288.46,288.46,490.41,490.41,1439.29,1439.29,1439.29,1439.29,1308.86,1308.86
STA4_D2a(KFZ2),700.04,700.04,700.04,842.90,840.35,842.90,842.90,842.90,842.90,836.70,840.35,840.35,1901.42,1901.42,2393.43,2393.43,2393.43,2393.43,2393.43,2393.43,1873.53,2393.43,2393.43,1873.53,1873.53,1873.53,1873.53,1873.53,1873.53,1873.53,2013.51,2013.51,2013.51,2013.51,2013.51,2013.51,1873.53,1873.53,1873.53,1873.53,1901.42,1901.42,1199.24,1027.28,1017.32,1009.43,1009.43,1312.74,1624.18,1624.18,1624.18,1765.77,1765.77,1312.74,1312.74,1352.45,1352.45,1499.48,1499.48,1352.45,1036.91,1036.91,1480.57,1480.57,1945.43,1693.75,1693.75,1945.43,1945.43,1647.41,1647.41,1647.41,1647.41,1693.75,1693.75,2512.24,2512.24,2512.24,1052.37,1028.13,1028.13,1431.67,1431.67,1319.88,1319.88,1349.18,1349.18,199.08,199.08,199.08,428.69,428.69,428.69,428.69,0.00,0.00,0.00,0.00,217.57,881.39,255.08,255.08,288.46,288.46,490.41,490.41,1439.29,1439.29,1439.29,1439.29,1308.86,1308.86
STA4_D4(KFZ4),1398.98,1398.98,1398.98,1541.84,1539.29,1541.84,1541.84,1541.84,1541.84,1535.64,1539.29,1539.29,2600.36,2600.36,3092.37,3092.37,3092.37,3092.37,3092.37,3092.37,2572.48,3092.37,3092.37,2572.48,2572.48,2572.48,2572.48,2572.48,2572.48,2572.48,2712.45,2712.45,2712.45,2712.45,2712.45,2712.45,2572.48,2572.48,2572.48,2572.48,2600.36,2600.36,1898.18,1726.22,1716.27,1708.37,1708.37,2011.68,2323.13,2323.13,2323.13,2464.71,2464.71,2011.68,2011.68,2051.39,2051.39,2198.42,2198.42,2051.39,1735.86,1735.86,1788.48,1788.48,2644.37,2392.70,2392.70,2644.37,2644.37,2346.35,2346.35,2346.35,2346.35,2392.70,2392.70,3211.18,3211.18,3211.18,834.80,810.55,810.55,1745.08,1745.08,2018.82,2018.82,1400.86,1400.86,898.02,898.02,898.02,408.82,408.82,408.82,408.82,698.94,698.94,698.94,698.94,0.00,1123.07,675.91,675.91,709.29,709.29,1189.35,1189.35,2138.23,2138.23,2138.23,2138.23,1799.69,1799.69
STA4_D4a(KFZ4),876.49,876.49,876.49,1019.35,1016.80,1019.35,1019.35,1019.35,1019.35,1013.15,1016.80,1016.80,2077.87,2077.87,2569.88,2569.88,2569.88,2569.88,2569.88,2569.88,2049.98,2569.88,2569.88,2049.98,2049.98,2049.98,2049.98,2049.98,2049.98,2049.98,2189.96,2189.96,2189.96,2189.96,2189.96,2189.96,2049.98,2049.98,2049.98,2049.98,2077.87,2077.87,1375.69,1203.73,1193.77,1185.88,1185.88,1489.19,1800.63,1800.63,1800.63,1942.22,1942.22,1489.19,1489.19,1528.90,1528.90,1675.93,1675.93,1528.90,1213.36,1213.36,1657.01,1657.01,2121.88,1870.20,1870.20,2121.88,2121.88,1823.86,1823.86,1823.86,1823.86,1870.20,1870.20,2688.69,2688.69,2688.69,987.13,962.88,962.88,1608.12,1608.12,1496.33,1496.33,1525.62,1525.62,375.53,375.53,375.53,605.14,605.14,605.14,605.14,176.45,176.45,176.45,176.45,233.11,0.00,112.56,112.56,152.40,152.40,666.86,666.86,1615.73,1615.73,1615.73,1615.73,1485.31,1485.31
STA4_D6(KFZ6),1085.72,1085.72,1085.72,1228.58,1226.03,1228.58,1228.58,1228.58,1228.58,1222.38,1226.03,1226.03,2287.10,2287.10,2779.11,2779.11,2779.11,2779.11,2779.11,2779.11,2259.22,2779.11,2779.11,2259.22,2259.22,2259.22,2259.22,2259.22,2259.22,2259.22,2399.19,2399.19,2399.19,2399.19,2399.19,2399.19,2259.22,2259.22,2259.22,2259.22,2287.10,2287.10,1584.92,1412.96,1403.01,1395.11,1395.11,1698.42,2009.87,2009.87,2009.87,2151.45,2151.45,1698.42,1698.42,1738.13,1738.13,1885.16,1885.16,1738.13,1422.60,1422.60,1866.25,1866.25,2331.11,2079.44,2079.44,2331.11,2331.11,2033.09,2033.09,2033.09,2033.09,2079.44,2079.44,2897.92,2897.92,2897.92,1277.15,1252.90,1252.90,1817.35,1817.35,1705.56,1705.56,1734.86,1734.86,584.76,584.76,584.76,814.38,814.38,814.38,814.38,385.68,385.68,385.68,385.68,442.35,626.31,0.00,0.00,319.41,319.41,876.09,876.09,1824.97,1824.97,1824.97,1824.97,1694.54,1694.54
STA4_D6a(KFZ6),1085.72,1085.72,1085.72,1228.58,1226.03,1228.58,1228.58,1228.58,1228.58,1222.38,1226.03,1226.03,2287.10,2287.10,2779.11,2779.11,2779.11,2779.11,2779.11,2779.11,2259.22,2779.11,2779.11,2259.22,2259.22,2259.22,2259.22,2259.22,2259.22,2259.22,2399.19,2399.19,2399.19,2399.19,2399.19,2399.19,2259.22,2259.22,2259.22,2259.22,2287.10,2287.10,1584.92,1412.96,1403.01,1395.11,1395.11,1698.42,2009.87,2009.87,2009.87,2151.45,2151.45,1698.42,1698.42,1738.13,1738.13,1885.16,1885.16,1738.13,1422.60,1422.60,1866.25,1866.25,2331.11,2079.44,2079.44,2331.11,2331.11,2033.09,2033.09,2033.09,2033.09,2079.44,2079.44,2897.92,2897.92,2897.92,1277.15,1252.90,1252.90,1817.35,1817.35,1705.56,1705.56,1734.86,1734.86,584.76,584.76,584.76,814.38,814.38,814.38,814.38,385.68,385.68,385.68,385.68,442.35,626.31,0.00,0.00,319.41,319.41,876.09,876.09,1824.97,1824.97,1824.97,1824.97,1694.54,1694.54
STA4_D8(KFZ8),1225.42,1225.42,1225.42,1368.28,1365.73,1368.28,1368.28,1368.28,1368.28,1362.08,1365.73,1365.73,2426.80,2426.80,2918.81,2918.81,2918.81,2918.81,2918.81,2918.81,2398.91,2918.81,2918.81,2398.91,2398.91,2398.91,2398.91,2398.91,2398.91,2398.91,2538.89,2538.89,2538.89,2538.89,2538.89,2538.89,2398.91,2398.91,2398.91,2398.91,2426.80,2426.80,1724.62,1552.66,1542.70,1534.81,1534.81,1838.12,2149.56,2149.56,2149.56,2291.15,2291.15,1838.12,1838.12,1877.83,1877.83,2024.86,2024.86,1877.83,1562.29,1562.29,2005.94,2005.94,2470.81,2219.13,2219.13,2470.81,2470.81,2172.79,2172.79,2172.79,2172.79,2219.13,2219.13,3037.62,3037.62,3037.62,1416.85,1392.60,1392.60,1957.05,1957.05,1845.26,1845.26,1874.56,1874.56,724.46,724.46,724.46,954.07,954.07,954.07,954.07,525.38,525.38,525.38,525.38,582.04,984.23,584.90,584.90,0.00,0.00,1015.79,1015.79,1964.67,1964.67,1964.67,1964.67,1834.24,1834.24
STA4_D8a(KFZ8),1225.42,1225.42,1225.42,1368.28,1365.73,1368.28,1368.28,1368.28,1368.28,1362.08,1365.73,1365.73,2426.80,2426.80,2918.81,2918.81,2918.81,2918.81,2918.81,2918.81,2398.91,2918.81,2918.81,2398.91,2398.91,2398.91,2398.91,2398.91,2398.91,2398.91,2538.89,2538.89,2538.89,2538.89,2538.89,2538.89,2398.91,2398.91,2398.91,2398.91,2426.80,2426.80,1724.62,1552.66,1542.70,1534.81,1534.81,1838.12,2149.56,2149.56,2149.56,2291.15,2291.15,1838.12,1838.12,1877.83,1877.83,2024.86,2024.86,1877.83,1562.29,1562.29,2005.94,2005.94,2470.81,2219.13,2219.13,2470.81,2470.81,2172.79,2172.79,2172.79,2172.79,2219.13,2219.13,3037.62,3037.62,3037.62,1416.85,1392.60,1392.60,1957.05,1957.05,1845.26,1845.26,1874.56,1874.56,724.46,724.46,724.46,954.07,954.07,954.07,954.07,525.38,525.38,525.38,525.38,582.04,984.23,584.90,584.90,0.00,0.00,1015.79,1015.79,1964.67,1964.67,1964.67,1964.67,1834.24,1834.24
STA4_D9(KFZ9),827.75,827.75,827.75,970.61,968.06,970.61,970.61,970.61,970.61,964.41,968.06,968.06,2029.13,2029.13,2521.14,2521.14,2521.14,2521.14,2521.14,2521.14,2001.25,2521.14,2521.14,2001.25,2001.25,2001.25,2001.25,2001.25,2001.25,2001.25,2141.22,2141.22,2141.22,2141.22,2141.22,2141.22,2001.25,2001.25,2001.25,2001.25,2029.13,2029.13,1326.95,1154.99,1145.04,1137.14,1137.14,1440.45,1751.90,1751.90,1751.90,1893.48,1893.48,1440.45,1440.45,1480.16,1480.16,1627.19,1627.19,1480.16,1164.62,1164.62,1608.28,1608.28,2073.14,1821.47,1821.47,2073.14,2073.14,1775.12,1775.12,1775.12,1775.12,1821.47,1821.47,2639.95,2639.95,2639.95,1030.14,1005.90,1005.90,1559.38,1559.38,1447.59,1447.59,1476.89,1476.89,326.79,326.79,326.79,556.40,556.40,556.40,556.40,127.71,127.71,127.71,127.71,195.34,824.51,198.19,198.19,231.58,231.58,0.00,0.00,1567.00,1567.00,1567.00,1567.00,1436.57,1436.57
STA4_D9a(KFZ9),827.75,827.75,827.75,970.61,968.06,970.61,970.61,970.61,970.61,964.41,968.06,968.06,2029.13,2029.13,2521.14,2521.14,2521.14,2521.14,2521.14,2521.14,2001.25,2521.14,2521.14,2001.25,2001.25,2001.25,2001.25,2001.25,2001.25,2001.25,2141.22,2141.22,2141.22,2141.22,2141.22,2141.22,2001.25,2001.25,2001.25,2001.25,2029.13,2029.13,1326.95,1154.99,1145.04,1137.14,1137.14,1440.45,1751.90,1751.90,1751.90,1893.48,1893.48,1440.45,1440.45,1480.16,1480.16,1627.19,1627.19,1480.16,1164.62,1164.62,1608.28,1608.28,2073.14,1821.47,1821.47,2073.14,2073.14,1775.12,1775.12,1775.12,1775.12,1821.47,1821.47,2639.95,2639.95,2639.95,1030.14,1005.90,1005.90,1559.38,1559.38,1447.59,1447.59,1476.89,1476.89,326.79,326.79,326.79,556.40,556.40,556.40,556.40,127.71,127.71,127.71,127.71,195.34,824.51,198.19,198.19,231.58,231.58,0.00,0.00,1567.00,1567.00,1567.00,1567.00,1436.57,1436.57
T1_D1,1219.36,1219.36,1219.36,938.42,979.87,938.42,938.42,938.42,938.42,903.95,979.87,979.87,1091.39,1091.39,1270.87,1270.87,1270.87,1270.87,1270.87,1270.87,1063.50,1270.87,1270.87,1063.50,1063.50,1063.50,1063.50,1063.50,1063.50,1063.50,1203.48,1203.48,1203.48,1203.48,1203.48,1203.48,1063.50,1063.50,1063.50,1063.50,1091.39,1091.39,1041.71,869.75,859.79,851.90,851.90,349.91,184.90,184.90,184.90,326.48,326.48,349.91,349.91,788.82,788.82,935.85,935.85,788.82,501.72,501.72,423.54,423.54,1146.07,867.87,867.87,1146.07,1146.07,837.37,837.37,837.37,837.37,867.87,867.87,1389.68,1389.68,1389.68,1643.64,1598.95,1598.95,934.92,934.92,1197.00,1197.00,1226.29,1226.29,1331.21,1331.21,1331.21,1329.95,1329.95,1329.95,1329.95,1620.08,1620.08,1620.08,1620.08,1559.54,2223.36,1597.05,1597.05,1630.43,1630.43,1923.93,1923.93,0.00,0.00,0.00,0.00,468.18,468.18
T1_D2,1219.36,1219.36,1219.36,938.42,979.87,938.42,938.42,938.42,938.42,903.95,979.87,979.87,1091.39,1091.39,1270.87,1270.87,1270.87,1270.87,1270.87,1270.87,1063.50,1270.87,1270.87,1063.50,1063.50,1063.50,1063.50,1063.50,1063.50,1063.50,1203.48,1203.48,1203.48,1203.48,1203.48,1203.48,1063.50,1063.50,1063.50,1063.50,1091.39,1091.39,1041.71,869.75,859.79,851.90,851.90,349.91,184.90,184.90,184.90,326.48,326.48,349.91,349.91,788.82,788.82,935.85,935.85,788.82,501.72,501.72,423.54,423.54,1146.07,867.87,867.87,1146.07,1146.07,837.37,837.37,837.37,837.37,867.87,867.87,1389.68,1389.68,1389.68,1643.64,1598.95,1598.95,934.92,934.92,1197.00,1197.00,1226.29,1226.29,1331.21,1331.21,1331.21,1329.95,1329.95,1329.95,1329.95,1620.08,1620.08,1620.08,1620.08,1559.54,2223.36,1597.05,1597.05,1630.43,1630.43,1923.93,1923.93,0.00,0.00,0.00,0.00,468.18,468.18
T1_D3,1219.36,1219.36,1219.36,938.42,979.87,938.42,938.42,938.42,938.42,903.95,979.87,979.87,1091.39,1091.39,1270.87,1270.87,1270.87,1270.87,1270.87,1270.87,1063.50,1270.87,1270.87,1063.50,1063.50,1063.50,1063.50,1063.50,1063.50,1063.50,1203.48,1203.48,1203.48,1203.48,1203.48,1203.48,1063.50,1063.50,1063.50,1063.50,1091.39,1091.39,1041.71,869.75,859.79,851.90,851.90,349.91,184.90,184.90,184.90,326.48,326.48,349.91,349.91,788.82,788.82,935.85,935.85,788.82,501.72,501.72,423.54,423.54,1146.07,867.87,867.87,1146.07,1146.07,837.37,837.37,837.37,837.37,867.87,867.87,1389.68,1389.68,1389.68,1643.64,1598.95,1598.95,934.92,934.92,1197.00,1197.00,1226.29,1226.29,1331.21,1331.21,1331.21,1329.95,1329.95,1329.95,1329.95,1620.08,1620.08,1620.08,1620.08,1559.54,2223.36,1597.05,1597.05,1630.43,1630.43,1923.93,1923.93,0.00,0.00,0.00,0.00,468.18,468.18
T1_D4,1219.36,1219.36,1219.36,938.42,979.87,938.42,938.42,938.42,938.42,903.95,979.87,979.87,1091.39,1091.39,1270.87,1270.87,1270.87,1270.87,1270.87,1270.87,1063.50,1270.87,1270.87,1063.50,1063.50,1063.50,1063.50,1063.50,1063.50,1063.50,1203.48,1203.48,1203.48,1203.48,1203.48,1203.48,1063.50,1063.50,1063.50,1063.50,1091.39,1091.39,1041.71,869.75,859.79,851.90,851.90,349.91,184.90,184.90,184.90,326.48,326.48,349.91,349.91,788.82,788.82,935.85,935.85,788.82,501.72,501.72,423.54,423.54,1146.07,867.87,867.87,1146.07,1146.07,837.37,837.37,837.37,837.37,867.87,867.87,1389.68,1389.68,1389.68,1643.64,1598.95,1598.95,934.92,934.92,1197.00,1197.00,1226.29,1226.29,1331.21,1331.21,1331.21,1329.95,1329.95,1329.95,1329.95,1620.08,1620.08,1620.08,1620.08,1559.54,2223.36,1597.05,1597.05,1630.43,1630.43,1923.93,1923.93,0.00,0.00,0.00,0.00,468.18,468.18
WL2_D1(KFZ1),868.90,868.90,868.90,631.97,629.42,631.97,631.97,631.97,631.97,625.77,629.42,629.42,1366.30,1366.30,1739.05,1739.05,1739.05,1739.05,1739.05,1739.05,1338.41,1739.05,1739.05,1338.41,1338.41,1338.41,1338.41,1338.41,1338.41,1338.41,1478.39,1478.39,1478.39,1478.39,1478.39,1478.39,1338.41,1338.41,1338.41,1338.41,1366.30,1366.30,964.82,792.87,782.91,775.01,775.01,777.62,653.08,653.08,653.08,794.66,794.66,777.62,777.62,817.33,817.33,964.36,964.36,817.33,530.23,530.23,349.43,349.43,1410.31,1158.63,1158.63,1410.31,1410.31,1112.29,1112.29,1112.29,1112.29,1158.63,1158.63,1857.86,1857.86,1857.86,1401.83,1357.14,1357.14,559.03,559.03,846.55,846.55,875.84,875.84,980.75,980.75,980.75,979.50,979.50,979.50,979.50,1269.62,1269.62,1269.62,1269.62,1209.08,1872.91,1246.59,1246.59,1279.97,1279.97,1573.47,1573.47,468.18,468.18,468.18,468.18,0.00,0.00
WL2_D2(KFZ3),868.90,868.90,868.90,631.97,629.42,631.97,631.97,631.97,631.97,625.77,629.42,629.42,1366.30,1366.30,1739.05,1739.05,1739.05,1739.05,1739.05,1739.05,1338.41,1739.05,1739.05,1338.41,1338.41,1338.41,1338.41,1338.41,1338.41,1338.41,1478.39,1478.39,1478.39,1478.39,1478.39,1478.39,1338.41,1338.41,1338.41,1338.41,1366.30,1366.30,964.82,792.87,782.91,775.01,775.01,777.62,653.08,653.08,653.08,794.66,794.66,777.62,777.62,817.33,817.33,964.36,964.36,817.33,530.23,530.23,349.43,349.43,1410.31,1158.63,1158.63,1410.31,1410.31,1112.29,1112.29,1112.29,1112.29,1158.63,1158.63,1857.86,1857.86,1857.86,1401.83,1357.14,1357.14,559.03,559.03,846.55,846.55,875.84,875.84,980.75,980.75,980.75,979.50,979.50,979.50,979.50,1269.62,1269.62,1269.62,1269.62,1209.08,1872.91,1246.59,1246.59,1279.97,1279.97,1573.47,1573.47,468.18,468.18,468.18,468.18,0.00,0.00
